id_cliente,regiao,plano,valor_mensalidade,entrou_em_contato_manutencao,id_manutencao,data_ligacao,motivo_contato,churn,data_cancelamento,dias_ate_cancelamento
CLI-1000,Zona Leste - SP,Fibra 200 Mega,99.9,0,N/A,,N/A,1,2026-02-07,
CLI-1001,Savassi - BH,Fibra 400 Mega,129.9,0,N/A,,N/A,0,,
CLI-1002,Zona Sul - RJ,Fibra 600 Mega,159.9,1,MNT-2026-005,2026-02-18 01:27:59,Perda de Pacotes / Oscilação,0,,
CLI-1003,Centro - RJ,Fibra 600 Mega,159.9,0,N/A,,N/A,0,,
CLI-1004,Zona Sul - SP,Fibra 600 Mega,159.9,1,MNT-2026-001,2026-01-10 09:42:20,Sem Conexão / Queda Geral,1,2026-01-30,20.0
CLI-1005,Zona Sul - SP,Fibra 400 Mega,129.9,1,MNT-2026-001,2026-01-10 11:37:11,Perda de Pacotes / Oscilação,0,,
CLI-1006,Zona Sul - SP,Fibra 400 Mega,129.9,0,N/A,,N/A,0,,
CLI-1007,Centro - BH,Fibra 600 Mega,159.9,0,N/A,,N/A,0,,
CLI-1008,Centro - RJ,Fibra 200 Mega,99.9,1,MNT-2026-002,2026-01-16 05:20:05,Sem Conexão / Queda Geral,0,,
CLI-1009,Zona Sul - RJ,Fibra 400 Mega,129.9,1,MNT-2026-005,2026-02-18 01:42:27,Sem Conexão / Queda Geral,0,,
CLI-1010,Zona Sul - SP,Fibra 200 Mega,99.9,1,MNT-2026-001,2026-01-10 09:41:18,Lentidão Extrema,1,2026-02-07,28.0
CLI-1011,Savassi - BH,Fibra 1 Giga,199.9,0,N/A,,N/A,0,,
CLI-1012,Barra - RJ,Fibra 1 Giga,199.9,0,N/A,,N/A,0,,
CLI-1013,Zona Norte - SP,Fibra 200 Mega,99.9,0,N/A,,N/A,0,,
CLI-1014,Zona Sul - SP,Fibra 600 Mega,159.9,0,N/A,,N/A,0,,
CLI-1015,Zona Sul - SP,Fibra 1 Giga,199.9,0,N/A,,N/A,0,,
CLI-1016,Zona Norte - SP,Fibra 200 Mega,99.9,0,N/A,,N/A,0,,
CLI-1017,Centro - RJ,Fibra 400 Mega,129.9,0,N/A,,N/A,0,,
CLI-1018,Zona Leste - SP,Fibra 1 Giga,199.9,1,MNT-2026-003,2026-02-01 10:45:00,Perda de Pacotes / Oscilação,1,2026-02-23,22.0
CLI-1019,Zona Norte - SP,Fibra 200 Mega,99.9,0,N/A,,N/A,0,,
CLI-1020,Centro - RJ,Fibra 400 Mega,129.9,1,MNT-2026-002,2026-01-15 22:43:34,Sem Conexão / Queda Geral,0,,
CLI-1021,Zona Sul - SP,Fibra 200 Mega,99.9,1,MNT-2026-001,2026-01-10 16:15:14,Perda de Pacotes / Oscilação,0,,
CLI-1022,Zona Norte - SP,Fibra 1 Giga,199.9,0,N/A,,N/A,0,,
CLI-1023,Zona Leste - SP,Fibra 1 Giga,199.9,1,MNT-2026-003,2026-02-01 11:25:48,Perda de Pacotes / Oscilação,0,,
CLI-1024,Zona Leste - SP,Fibra 1 Giga,199.9,0,N/A,,N/A,0,,
CLI-1025,Barra - RJ,Fibra 400 Mega,129.9,0,N/A,,N/A,0,,
CLI-1026,Zona Sul - SP,Fibra 600 Mega,159.9,0,N/A,,N/A,0,,
CLI-1027,Centro - RJ,Fibra 600 Mega,159.9,1,MNT-2026-002,2026-01-16 03:49:31,Perda de Pacotes / Oscilação,0,,
CLI-1028,Centro - RJ,Fibra 400 Mega,129.9,0,N/A,,N/A,0,,
CLI-1029,Zona Sul - SP,Fibra 600 Mega,159.9,0,N/A,,N/A,0,,
CLI-1030,Centro - RJ,Fibra 200 Mega,99.9,1,MNT-2026-002,2026-01-16 00:52:16,Lentidão Extrema,1,2026-01-23,7.0
CLI-1031,Zona Sul - SP,Fibra 400 Mega,129.9,0,N/A,,N/A,0,,
CLI-1032,Zona Sul - SP,Fibra 200 Mega,99.9,0,N/A,,N/A,0,,
CLI-1033,Savassi - BH,Fibra 200 Mega,99.9,0,N/A,,N/A,0,,
CLI-1034,Savassi - BH,Fibra 200 Mega,99.9,0,N/A,,N/A,0,,
CLI-1035,Barra - RJ,Fibra 400 Mega,129.9,0,N/A,,N/A,0,,
CLI-1036,Zona Norte - SP,Fibra 400 Mega,129.9,0,N/A,,N/A,0,,
CLI-1037,Zona Sul - SP,Fibra 600 Mega,159.9,1,MNT-2026-001,2026-01-10 17:48:42,Lentidão Extrema,0,,
CLI-1038,Zona Sul - RJ,Fibra 200 Mega,99.9,1,MNT-2026-005,2026-02-18 03:39:20,Lentidão Extrema,0,,
CLI-1039,Zona Leste - SP,Fibra 400 Mega,129.9,0,N/A,,N/A,0,,
CLI-1040,Zona Sul - SP,Fibra 400 Mega,129.9,0,N/A,,N/A,0,,
CLI-1041,Zona Leste - SP,Fibra 600 Mega,159.9,0,N/A,,N/A,0,,
CLI-1042,Zona Sul - SP,Fibra 400 Mega,129.9,1,MNT-2026-001,2026-01-10 15:41:06,Perda de Pacotes / Oscilação,1,2026-01-23,13.0
CLI-1043,Centro - BH,Fibra 400 Mega,129.9,0,N/A,,N/A,0,,
CLI-1044,Zona Norte - SP,Fibra 600 Mega,159.9,0,N/A,,N/A,0,,
CLI-1045,Zona Sul - RJ,Fibra 400 Mega,129.9,0,N/A,,N/A,0,,
CLI-1046,Zona Norte - SP,Fibra 200 Mega,99.9,0,N/A,,N/A,0,,
CLI-1047,Centro - RJ,Fibra 200 Mega,99.9,1,MNT-2026-002,2026-01-16 02:53:15,Lentidão Extrema,0,,
CLI-1048,Centro - RJ,Fibra 600 Mega,159.9,1,MNT-2026-002,2026-01-16 00:40:17,Lentidão Extrema,1,2026-01-17,1.0
CLI-1049,Zona Sul - SP,Fibra 200 Mega,99.9,0,N/A,,N/A,0,,
CLI-1050,Savassi - BH,Fibra 600 Mega,159.9,0,N/A,,N/A,0,,
CLI-1051,Barra - RJ,Fibra 400 Mega,129.9,0,N/A,,N/A,0,,
CLI-1052,Savassi - BH,Fibra 1 Giga,199.9,0,N/A,,N/A,0,,
CLI-1053,Centro - BH,Fibra 600 Mega,159.9,0,N/A,,N/A,0,,
CLI-1054,Centro - RJ,Fibra 1 Giga,199.9,1,MNT-2026-002,2026-01-16 03:48:57,Perda de Pacotes / Oscilação,0,,
CLI-1055,Centro - BH,Fibra 400 Mega,129.9,1,MNT-2026-004,2026-02-10 12:56:27,Perda de Pacotes / Oscilação,0,,
CLI-1056,Zona Sul - SP,Fibra 600 Mega,159.9,0,N/A,,N/A,0,,
CLI-1057,Zona Sul - SP,Fibra 400 Mega,129.9,0,N/A,,N/A,0,,
CLI-1058,Zona Sul - SP,Fibra 400 Mega,129.9,1,MNT-2026-001,2026-01-10 14:36:28,Lentidão Extrema,1,2026-01-18,8.0
CLI-1059,Zona Norte - SP,Fibra 400 Mega,129.9,0,N/A,,N/A,0,,
CLI-1060,Zona Leste - SP,Fibra 600 Mega,159.9,0,N/A,,N/A,0,,
CLI-1061,Zona Norte - SP,Fibra 1 Giga,199.9,0,N/A,,N/A,0,,
CLI-1062,Barra - RJ,Fibra 600 Mega,159.9,0,N/A,,N/A,0,,
CLI-1063,Zona Leste - SP,Fibra 400 Mega,129.9,0,N/A,,N/A,0,,
CLI-1064,Zona Norte - SP,Fibra 400 Mega,129.9,0,N/A,,N/A,0,,
CLI-1065,Centro - RJ,Fibra 600 Mega,159.9,0,N/A,,N/A,0,,
CLI-1066,Zona Sul - SP,Fibra 200 Mega,99.9,1,MNT-2026-001,2026-01-10 15:42:10,Sem Conexão / Queda Geral,0,,
CLI-1067,Barra - RJ,Fibra 200 Mega,99.9,0,N/A,,N/A,0,,
CLI-1068,Zona Sul - SP,Fibra 400 Mega,129.9,0,N/A,,N/A,0,,
CLI-1069,Savassi - BH,Fibra 200 Mega,99.9,0,N/A,,N/A,0,,
CLI-1070,Barra - RJ,Fibra 200 Mega,99.9,0,N/A,,N/A,0,,
CLI-1071,Zona Sul - SP,Fibra 200 Mega,99.9,1,MNT-2026-001,2026-01-10 17:25:19,Lentidão Extrema,1,2026-01-18,8.0
CLI-1072,Zona Sul - SP,Fibra 200 Mega,99.9,1,MNT-2026-001,2026-01-10 08:22:58,Perda de Pacotes / Oscilação,0,,
CLI-1073,Barra - RJ,Fibra 200 Mega,99.9,0,N/A,,N/A,0,,
CLI-1074,Zona Sul - RJ,Fibra 1 Giga,199.9,1,MNT-2026-005,2026-02-18 04:13:17,Perda de Pacotes / Oscilação,1,2026-02-21,3.0
CLI-1075,Zona Sul - RJ,Fibra 400 Mega,129.9,0,N/A,,N/A,0,,
CLI-1076,Barra - RJ,Fibra 400 Mega,129.9,0,N/A,,N/A,0,,
CLI-1077,Zona Sul - SP,Fibra 400 Mega,129.9,1,MNT-2026-001,2026-01-10 16:50:12,Sem Conexão / Queda Geral,0,,
CLI-1078,Zona Leste - SP,Fibra 200 Mega,99.9,0,N/A,,N/A,0,,
CLI-1079,Zona Sul - SP,Fibra 1 Giga,199.9,0,N/A,,N/A,0,,
CLI-1080,Centro - BH,Fibra 600 Mega,159.9,0,N/A,,N/A,0,,
CLI-1081,Centro - RJ,Fibra 200 Mega,99.9,1,MNT-2026-002,2026-01-16 03:59:53,Lentidão Extrema,0,,
CLI-1082,Zona Norte - SP,Fibra 400 Mega,129.9,0,N/A,,N/A,0,,
CLI-1083,Zona Sul - SP,Fibra 600 Mega,159.9,0,N/A,,N/A,0,,
CLI-1084,Zona Norte - SP,Fibra 1 Giga,199.9,0,N/A,,N/A,0,,
CLI-1085,Zona Norte - SP,Fibra 400 Mega,129.9,0,N/A,,N/A,0,,
CLI-1086,Zona Sul - RJ,Fibra 400 Mega,129.9,1,MNT-2026-005,2026-02-18 04:18:51,Lentidão Extrema,0,,
CLI-1087,Centro - RJ,Fibra 200 Mega,99.9,1,MNT-2026-002,2026-01-15 23:44:38,Sem Conexão / Queda Geral,0,,
CLI-1088,Centro - BH,Fibra 1 Giga,199.9,1,MNT-2026-004,2026-02-10 13:20:25,Lentidão Extrema,0,,
CLI-1089,Zona Leste - SP,Fibra 200 Mega,99.9,0,N/A,,N/A,0,,
CLI-1090,Zona Sul - SP,Fibra 1 Giga,199.9,0,N/A,,N/A,0,,
CLI-1091,Zona Sul - RJ,Fibra 400 Mega,129.9,1,MNT-2026-005,2026-02-18 03:58:04,Perda de Pacotes / Oscilação,0,,
CLI-1092,Barra - RJ,Fibra 400 Mega,129.9,0,N/A,,N/A,0,,
CLI-1093,Centro - RJ,Fibra 400 Mega,129.9,0,N/A,,N/A,0,,
CLI-1094,Barra - RJ,Fibra 200 Mega,99.9,0,N/A,,N/A,0,,
CLI-1095,Zona Leste - SP,Fibra 200 Mega,99.9,0,N/A,,N/A,0,,
CLI-1096,Centro - RJ,Fibra 200 Mega,99.9,1,MNT-2026-002,2026-01-15 22:32:01,Sem Conexão / Queda Geral,0,,
CLI-1097,Zona Leste - SP,Fibra 200 Mega,99.9,0,N/A,,N/A,0,,
CLI-1098,Zona Sul - SP,Fibra 600 Mega,159.9,0,N/A,,N/A,0,,
CLI-1099,Zona Sul - SP,Fibra 400 Mega,129.9,1,MNT-2026-001,2026-01-10 16:51:34,Sem Conexão / Queda Geral,1,2026-01-17,7.0
CLI-1100,Zona Sul - SP,Fibra 200 Mega,99.9,0,N/A,,N/A,0,,
CLI-1101,Centro - RJ,Fibra 1 Giga,199.9,0,N/A,,N/A,0,,
CLI-1102,Zona Norte - SP,Fibra 600 Mega,159.9,0,N/A,,N/A,0,,
CLI-1103,Centro - RJ,Fibra 1 Giga,199.9,0,N/A,,N/A,0,,
CLI-1104,Centro - BH,Fibra 1 Giga,199.9,0,N/A,,N/A,0,,
CLI-1105,Zona Norte - SP,Fibra 200 Mega,99.9,0,N/A,,N/A,0,,
CLI-1106,Zona Leste - SP,Fibra 400 Mega,129.9,1,MNT-2026-003,2026-02-01 10:41:29,Sem Conexão / Queda Geral,0,,
CLI-1107,Barra - RJ,Fibra 600 Mega,159.9,0,N/A,,N/A,0,,
CLI-1108,Zona Norte - SP,Fibra 400 Mega,129.9,0,N/A,,N/A,0,,
CLI-1109,Zona Sul - SP,Fibra 200 Mega,99.9,1,MNT-2026-001,2026-01-10 12:28:55,Perda de Pacotes / Oscilação,0,,
CLI-1110,Zona Norte - SP,Fibra 600 Mega,159.9,0,N/A,,N/A,0,,
CLI-1111,Zona Sul - SP,Fibra 200 Mega,99.9,1,MNT-2026-001,2026-01-10 17:31:01,Lentidão Extrema,0,,
CLI-1112,Centro - BH,Fibra 200 Mega,99.9,1,MNT-2026-004,2026-02-10 15:43:10,Sem Conexão / Queda Geral,1,2026-02-15,5.0
CLI-1113,Barra - RJ,Fibra 400 Mega,129.9,0,N/A,,N/A,0,,
CLI-1114,Centro - RJ,Fibra 400 Mega,129.9,1,MNT-2026-002,2026-01-16 00:52:40,Sem Conexão / Queda Geral,1,2026-02-05,20.0
CLI-1115,Centro - BH,Fibra 400 Mega,129.9,0,N/A,,N/A,0,,
CLI-1116,Barra - RJ,Fibra 200 Mega,99.9,0,N/A,,N/A,0,,
CLI-1117,Zona Sul - SP,Fibra 600 Mega,159.9,1,MNT-2026-001,2026-01-10 12:49:40,Sem Conexão / Queda Geral,0,,
CLI-1118,Centro - BH,Fibra 200 Mega,99.9,0,N/A,,N/A,0,,
CLI-1119,Centro - RJ,Fibra 200 Mega,99.9,1,MNT-2026-002,2026-01-15 23:26:09,Lentidão Extrema,0,,
CLI-1120,Barra - RJ,Fibra 600 Mega,159.9,0,N/A,,N/A,0,,
CLI-1121,Centro - BH,Fibra 1 Giga,199.9,0,N/A,,N/A,0,,
CLI-1122,Zona Norte - SP,Fibra 600 Mega,159.9,0,N/A,,N/A,0,,
CLI-1123,Zona Sul - SP,Fibra 600 Mega,159.9,1,MNT-2026-001,2026-01-10 13:27:00,Perda de Pacotes / Oscilação,1,2026-02-08,29.0
CLI-1124,Zona Norte - SP,Fibra 400 Mega,129.9,0,N/A,,N/A,0,,
CLI-1125,Zona Leste - SP,Fibra 400 Mega,129.9,1,MNT-2026-003,2026-02-01 09:58:27,Perda de Pacotes / Oscilação,0,,
CLI-1126,Barra - RJ,Fibra 200 Mega,99.9,0,N/A,,N/A,0,,
CLI-1127,Centro - BH,Fibra 400 Mega,129.9,0,N/A,,N/A,0,,
CLI-1128,Zona Sul - SP,Fibra 400 Mega,129.9,1,MNT-2026-001,2026-01-10 12:48:20,Perda de Pacotes / Oscilação,0,,
CLI-1129,Centro - RJ,Fibra 200 Mega,99.9,0,N/A,,N/A,0,,
CLI-1130,Zona Leste - SP,Fibra 600 Mega,159.9,1,MNT-2026-003,2026-02-01 12:51:19,Lentidão Extrema,1,2026-02-12,11.0
CLI-1131,Zona Norte - SP,Fibra 400 Mega,129.9,0,N/A,,N/A,0,,
CLI-1132,Zona Sul - SP,Fibra 200 Mega,99.9,0,N/A,,N/A,0,,
CLI-1133,Zona Norte - SP,Fibra 200 Mega,99.9,0,N/A,,N/A,0,,
CLI-1134,Savassi - BH,Fibra 400 Mega,129.9,0,N/A,,N/A,0,,
CLI-1135,Zona Norte - SP,Fibra 200 Mega,99.9,0,N/A,,N/A,0,,
CLI-1136,Centro - RJ,Fibra 600 Mega,159.9,1,MNT-2026-002,2026-01-15 22:41:05,Perda de Pacotes / Oscilação,0,,
CLI-1137,Zona Sul - RJ,Fibra 400 Mega,129.9,0,N/A,,N/A,0,,
CLI-1138,Zona Leste - SP,Fibra 400 Mega,129.9,0,N/A,,N/A,0,,
CLI-1139,Savassi - BH,Fibra 400 Mega,129.9,0,N/A,,N/A,0,,
CLI-1140,Savassi - BH,Fibra 600 Mega,159.9,0,N/A,,N/A,0,,
CLI-1141,Zona Norte - SP,Fibra 400 Mega,129.9,0,N/A,,N/A,0,,
CLI-1142,Zona Leste - SP,Fibra 400 Mega,129.9,0,N/A,,N/A,0,,
CLI-1143,Zona Norte - SP,Fibra 400 Mega,129.9,0,N/A,,N/A,0,,
CLI-1144,Zona Norte - SP,Fibra 200 Mega,99.9,0,N/A,,N/A,0,,
CLI-1145,Zona Sul - SP,Fibra 600 Mega,159.9,1,MNT-2026-001,2026-01-10 09:52:16,Lentidão Extrema,0,,
CLI-1146,Centro - RJ,Fibra 600 Mega,159.9,0,N/A,,N/A,0,,
CLI-1147,Centro - RJ,Fibra 400 Mega,129.9,0,N/A,,N/A,0,,
CLI-1148,Zona Sul - SP,Fibra 600 Mega,159.9,0,N/A,,N/A,0,,
CLI-1149,Zona Norte - SP,Fibra 600 Mega,159.9,0,N/A,,N/A,0,,
CLI-1150,Centro - BH,Fibra 600 Mega,159.9,0,N/A,,N/A,0,,
CLI-1151,Zona Norte - SP,Fibra 600 Mega,159.9,0,N/A,,N/A,1,2026-02-03,
CLI-1152,Zona Sul - SP,Fibra 400 Mega,129.9,0,N/A,,N/A,0,,
CLI-1153,Zona Leste - SP,Fibra 400 Mega,129.9,0,N/A,,N/A,0,,
CLI-1154,Savassi - BH,Fibra 400 Mega,129.9,0,N/A,,N/A,0,,
CLI-1155,Zona Norte - SP,Fibra 600 Mega,159.9,0,N/A,,N/A,0,,
CLI-1156,Zona Sul - RJ,Fibra 200 Mega,99.9,0,N/A,,N/A,0,,
CLI-1157,Barra - RJ,Fibra 600 Mega,159.9,0,N/A,,N/A,0,,
CLI-1158,Zona Norte - SP,Fibra 600 Mega,159.9,0,N/A,,N/A,0,,
CLI-1159,Zona Sul - RJ,Fibra 200 Mega,99.9,1,MNT-2026-005,2026-02-18 03:05:41,Lentidão Extrema,1,2026-03-16,26.0
CLI-1160,Zona Leste - SP,Fibra 600 Mega,159.9,0,N/A,,N/A,0,,
CLI-1161,Centro - RJ,Fibra 200 Mega,99.9,0,N/A,,N/A,0,,
CLI-1162,Centro - RJ,Fibra 400 Mega,129.9,1,MNT-2026-002,2026-01-15 22:37:54,Lentidão Extrema,0,,
CLI-1163,Centro - RJ,Fibra 600 Mega,159.9,0,N/A,,N/A,0,,
CLI-1164,Zona Sul - SP,Fibra 200 Mega,99.9,0,N/A,,N/A,0,,
CLI-1165,Barra - RJ,Fibra 600 Mega,159.9,0,N/A,,N/A,1,2026-02-08,
CLI-1166,Zona Norte - SP,Fibra 600 Mega,159.9,0,N/A,,N/A,0,,
CLI-1167,Zona Sul - SP,Fibra 400 Mega,129.9,0,N/A,,N/A,0,,
CLI-1168,Zona Sul - SP,Fibra 200 Mega,99.9,1,MNT-2026-001,2026-01-10 15:54:39,Lentidão Extrema,0,,
CLI-1169,Centro - RJ,Fibra 200 Mega,99.9,1,MNT-2026-002,2026-01-16 03:31:04,Perda de Pacotes / Oscilação,1,2026-02-14,29.0
CLI-1170,Zona Sul - RJ,Fibra 400 Mega,129.9,0,N/A,,N/A,0,,
CLI-1171,Zona Sul - SP,Fibra 1 Giga,199.9,0,N/A,,N/A,1,2026-01-21,
CLI-1172,Centro - RJ,Fibra 400 Mega,129.9,0,N/A,,N/A,0,,
CLI-1173,Zona Norte - SP,Fibra 200 Mega,99.9,0,N/A,,N/A,0,,
CLI-1174,Centro - RJ,Fibra 400 Mega,129.9,1,MNT-2026-002,2026-01-16 01:55:32,Sem Conexão / Queda Geral,0,,
CLI-1175,Zona Sul - SP,Fibra 400 Mega,129.9,0,N/A,,N/A,0,,
CLI-1176,Zona Sul - RJ,Fibra 600 Mega,159.9,0,N/A,,N/A,0,,
CLI-1177,Zona Leste - SP,Fibra 200 Mega,99.9,0,N/A,,N/A,0,,
CLI-1178,Savassi - BH,Fibra 600 Mega,159.9,0,N/A,,N/A,0,,
CLI-1179,Zona Sul - SP,Fibra 400 Mega,129.9,1,MNT-2026-001,2026-01-10 13:22:56,Perda de Pacotes / Oscilação,1,2026-01-24,14.0
CLI-1180,Zona Norte - SP,Fibra 1 Giga,199.9,0,N/A,,N/A,0,,
CLI-1181,Zona Sul - SP,Fibra 400 Mega,129.9,1,MNT-2026-001,2026-01-10 11:10:05,Perda de Pacotes / Oscilação,0,,
CLI-1182,Centro - BH,Fibra 400 Mega,129.9,1,MNT-2026-004,2026-02-10 10:00:26,Lentidão Extrema,1,2026-02-24,14.0
CLI-1183,Centro - BH,Fibra 1 Giga,199.9,0,N/A,,N/A,0,,
CLI-1184,Zona Norte - SP,Fibra 200 Mega,99.9,0,N/A,,N/A,0,,
CLI-1185,Zona Sul - RJ,Fibra 1 Giga,199.9,1,MNT-2026-005,2026-02-18 04:04:29,Sem Conexão / Queda Geral,0,,
CLI-1186,Barra - RJ,Fibra 400 Mega,129.9,0,N/A,,N/A,0,,
CLI-1187,Centro - RJ,Fibra 200 Mega,99.9,0,N/A,,N/A,0,,
CLI-1188,Centro - RJ,Fibra 400 Mega,129.9,0,N/A,,N/A,0,,
CLI-1189,Zona Norte - SP,Fibra 600 Mega,159.9,0,N/A,,N/A,0,,
CLI-1190,Zona Sul - SP,Fibra 200 Mega,99.9,0,N/A,,N/A,0,,
CLI-1191,Centro - BH,Fibra 400 Mega,129.9,0,N/A,,N/A,0,,
CLI-1192,Centro - BH,Fibra 400 Mega,129.9,1,MNT-2026-004,2026-02-10 13:37:30,Sem Conexão / Queda Geral,1,2026-02-18,8.0
CLI-1193,Centro - RJ,Fibra 400 Mega,129.9,0,N/A,,N/A,0,,
CLI-1194,Zona Norte - SP,Fibra 200 Mega,99.9,0,N/A,,N/A,0,,
CLI-1195,Zona Norte - SP,Fibra 600 Mega,159.9,0,N/A,,N/A,0,,
CLI-1196,Zona Sul - RJ,Fibra 1 Giga,199.9,0,N/A,,N/A,0,,
CLI-1197,Centro - BH,Fibra 1 Giga,199.9,0,N/A,,N/A,0,,
CLI-1198,Centro - BH,Fibra 600 Mega,159.9,1,MNT-2026-004,2026-02-10 12:41:11,Perda de Pacotes / Oscilação,0,,
CLI-1199,Barra - RJ,Fibra 200 Mega,99.9,0,N/A,,N/A,0,,
CLI-1200,Centro - RJ,Fibra 600 Mega,159.9,0,N/A,,N/A,0,,
CLI-1201,Zona Sul - SP,Fibra 200 Mega,99.9,0,N/A,,N/A,0,,
CLI-1202,Zona Sul - SP,Fibra 200 Mega,99.9,0,N/A,,N/A,0,,
CLI-1203,Centro - BH,Fibra 400 Mega,129.9,0,N/A,,N/A,0,,
CLI-1204,Centro - RJ,Fibra 400 Mega,129.9,0,N/A,,N/A,0,,
CLI-1205,Zona Sul - SP,Fibra 600 Mega,159.9,1,MNT-2026-001,2026-01-10 16:27:30,Perda de Pacotes / Oscilação,0,,
CLI-1206,Zona Sul - SP,Fibra 400 Mega,129.9,0,N/A,,N/A,0,,
CLI-1207,Zona Sul - RJ,Fibra 400 Mega,129.9,0,N/A,,N/A,0,,
CLI-1208,Zona Sul - SP,Fibra 200 Mega,99.9,0,N/A,,N/A,0,,
CLI-1209,Zona Sul - SP,Fibra 1 Giga,199.9,1,MNT-2026-001,2026-01-10 17:58:25,Lentidão Extrema,0,,
CLI-1210,Centro - RJ,Fibra 400 Mega,129.9,0,N/A,,N/A,0,,
CLI-1211,Zona Sul - RJ,Fibra 400 Mega,129.9,1,MNT-2026-005,2026-02-18 02:07:30,Perda de Pacotes / Oscilação,1,2026-03-15,25.0
CLI-1212,Zona Sul - RJ,Fibra 200 Mega,99.9,0,N/A,,N/A,0,,
CLI-1213,Zona Norte - SP,Fibra 600 Mega,159.9,0,N/A,,N/A,0,,
CLI-1214,Zona Sul - RJ,Fibra 400 Mega,129.9,1,MNT-2026-005,2026-02-18 02:18:01,Sem Conexão / Queda Geral,1,2026-03-01,11.0
CLI-1215,Zona Norte - SP,Fibra 200 Mega,99.9,0,N/A,,N/A,0,,
CLI-1216,Zona Norte - SP,Fibra 200 Mega,99.9,0,N/A,,N/A,0,,
CLI-1217,Zona Sul - RJ,Fibra 400 Mega,129.9,1,MNT-2026-005,2026-02-18 02:44:35,Perda de Pacotes / Oscilação,1,2026-02-25,7.0
CLI-1218,Centro - RJ,Fibra 400 Mega,129.9,1,MNT-2026-002,2026-01-16 01:42:36,Lentidão Extrema,0,,
CLI-1219,Barra - RJ,Fibra 200 Mega,99.9,0,N/A,,N/A,0,,
CLI-1220,Zona Sul - RJ,Fibra 1 Giga,199.9,1,MNT-2026-005,2026-02-18 02:54:43,Lentidão Extrema,0,,
CLI-1221,Centro - RJ,Fibra 200 Mega,99.9,0,N/A,,N/A,0,,
CLI-1222,Zona Sul - SP,Fibra 400 Mega,129.9,0,N/A,,N/A,0,,
CLI-1223,Zona Leste - SP,Fibra 1 Giga,199.9,1,MNT-2026-003,2026-02-01 09:03:13,Lentidão Extrema,1,2026-02-14,13.0
CLI-1224,Zona Norte - SP,Fibra 400 Mega,129.9,0,N/A,,N/A,0,,
CLI-1225,Zona Norte - SP,Fibra 400 Mega,129.9,0,N/A,,N/A,0,,
CLI-1226,Savassi - BH,Fibra 400 Mega,129.9,0,N/A,,N/A,0,,
CLI-1227,Zona Leste - SP,Fibra 200 Mega,99.9,0,N/A,,N/A,0,,
CLI-1228,Centro - BH,Fibra 1 Giga,199.9,0,N/A,,N/A,0,,
CLI-1229,Centro - RJ,Fibra 400 Mega,129.9,1,MNT-2026-002,2026-01-16 01:58:01,Lentidão Extrema,1,2026-01-27,11.0
CLI-1230,Barra - RJ,Fibra 600 Mega,159.9,0,N/A,,N/A,0,,
CLI-1231,Centro - RJ,Fibra 200 Mega,99.9,0,N/A,,N/A,0,,
CLI-1232,Centro - RJ,Fibra 200 Mega,99.9,0,N/A,,N/A,0,,
CLI-1233,Zona Leste - SP,Fibra 200 Mega,99.9,0,N/A,,N/A,0,,
CLI-1234,Zona Sul - SP,Fibra 400 Mega,129.9,0,N/A,,N/A,0,,
CLI-1235,Zona Sul - RJ,Fibra 400 Mega,129.9,0,N/A,,N/A,0,,
CLI-1236,Zona Norte - SP,Fibra 600 Mega,159.9,0,N/A,,N/A,0,,
CLI-1237,Zona Sul - SP,Fibra 400 Mega,129.9,0,N/A,,N/A,0,,
CLI-1238,Centro - RJ,Fibra 1 Giga,199.9,1,MNT-2026-002,2026-01-16 00:58:46,Sem Conexão / Queda Geral,0,,
CLI-1239,Zona Sul - SP,Fibra 200 Mega,99.9,1,MNT-2026-001,2026-01-10 14:54:06,Lentidão Extrema,0,,
CLI-1240,Savassi - BH,Fibra 600 Mega,159.9,0,N/A,,N/A,0,,
CLI-1241,Savassi - BH,Fibra 600 Mega,159.9,0,N/A,,N/A,0,,
CLI-1242,Centro - BH,Fibra 600 Mega,159.9,1,MNT-2026-004,2026-02-10 10:21:10,Perda de Pacotes / Oscilação,0,,
CLI-1243,Zona Leste - SP,Fibra 600 Mega,159.9,0,N/A,,N/A,0,,
CLI-1244,Zona Sul - SP,Fibra 600 Mega,159.9,0,N/A,,N/A,0,,
CLI-1245,Centro - BH,Fibra 400 Mega,129.9,0,N/A,,N/A,0,,
CLI-1246,Zona Leste - SP,Fibra 200 Mega,99.9,0,N/A,,N/A,0,,
CLI-1247,Savassi - BH,Fibra 200 Mega,99.9,0,N/A,,N/A,1,2026-02-15,
CLI-1248,Savassi - BH,Fibra 1 Giga,199.9,0,N/A,,N/A,0,,
CLI-1249,Centro - BH,Fibra 400 Mega,129.9,0,N/A,,N/A,0,,
CLI-1250,Zona Norte - SP,Fibra 600 Mega,159.9,0,N/A,,N/A,0,,
CLI-1251,Zona Leste - SP,Fibra 400 Mega,129.9,0,N/A,,N/A,0,,
CLI-1252,Centro - BH,Fibra 200 Mega,99.9,1,MNT-2026-004,2026-02-10 12:05:06,Sem Conexão / Queda Geral,0,,
CLI-1253,Zona Norte - SP,Fibra 200 Mega,99.9,0,N/A,,N/A,0,,
CLI-1254,Zona Sul - SP,Fibra 400 Mega,129.9,1,MNT-2026-001,2026-01-10 13:40:44,Perda de Pacotes / Oscilação,0,,
CLI-1255,Centro - RJ,Fibra 400 Mega,129.9,0,N/A,,N/A,0,,
CLI-1256,Savassi - BH,Fibra 200 Mega,99.9,0,N/A,,N/A,0,,
CLI-1257,Zona Sul - RJ,Fibra 400 Mega,129.9,1,MNT-2026-005,2026-02-18 04:08:35,Perda de Pacotes / Oscilação,1,2026-03-13,23.0
CLI-1258,Centro - RJ,Fibra 200 Mega,99.9,0,N/A,,N/A,0,,
CLI-1259,Zona Sul - SP,Fibra 400 Mega,129.9,0,N/A,,N/A,0,,
CLI-1260,Centro - RJ,Fibra 200 Mega,99.9,0,N/A,,N/A,0,,
CLI-1261,Savassi - BH,Fibra 600 Mega,159.9,0,N/A,,N/A,0,,
CLI-1262,Zona Sul - SP,Fibra 400 Mega,129.9,1,MNT-2026-001,2026-01-10 14:44:45,Sem Conexão / Queda Geral,0,,
CLI-1263,Centro - RJ,Fibra 400 Mega,129.9,1,MNT-2026-002,2026-01-16 05:43:58,Lentidão Extrema,0,,
CLI-1264,Centro - BH,Fibra 200 Mega,99.9,1,MNT-2026-004,2026-02-10 16:35:36,Perda de Pacotes / Oscilação,0,,
CLI-1265,Zona Sul - RJ,Fibra 200 Mega,99.9,0,N/A,,N/A,0,,
CLI-1266,Zona Sul - RJ,Fibra 400 Mega,129.9,1,MNT-2026-005,2026-02-18 03:22:28,Perda de Pacotes / Oscilação,1,2026-03-16,26.0
CLI-1267,Zona Sul - RJ,Fibra 400 Mega,129.9,0,N/A,,N/A,0,,
CLI-1268,Zona Leste - SP,Fibra 400 Mega,129.9,0,N/A,,N/A,0,,
CLI-1269,Zona Norte - SP,Fibra 200 Mega,99.9,0,N/A,,N/A,0,,
CLI-1270,Barra - RJ,Fibra 400 Mega,129.9,0,N/A,,N/A,0,,
CLI-1271,Barra - RJ,Fibra 600 Mega,159.9,0,N/A,,N/A,0,,
CLI-1272,Centro - BH,Fibra 600 Mega,159.9,0,N/A,,N/A,0,,
CLI-1273,Centro - BH,Fibra 200 Mega,99.9,0,N/A,,N/A,0,,
CLI-1274,Centro - RJ,Fibra 400 Mega,129.9,0,N/A,,N/A,0,,
CLI-1275,Centro - RJ,Fibra 200 Mega,99.9,1,MNT-2026-002,2026-01-16 02:29:57,Lentidão Extrema,1,2026-01-23,7.0
CLI-1276,Barra - RJ,Fibra 200 Mega,99.9,0,N/A,,N/A,0,,
CLI-1277,Centro - RJ,Fibra 1 Giga,199.9,1,MNT-2026-002,2026-01-16 00:32:43,Perda de Pacotes / Oscilação,0,,
CLI-1278,Zona Sul - RJ,Fibra 200 Mega,99.9,1,MNT-2026-005,2026-02-18 01:02:46,Perda de Pacotes / Oscilação,0,,
CLI-1279,Barra - RJ,Fibra 400 Mega,129.9,0,N/A,,N/A,0,,
CLI-1280,Centro - BH,Fibra 400 Mega,129.9,0,N/A,,N/A,0,,
CLI-1281,Zona Norte - SP,Fibra 600 Mega,159.9,0,N/A,,N/A,0,,
CLI-1282,Zona Leste - SP,Fibra 400 Mega,129.9,0,N/A,,N/A,0,,
CLI-1283,Zona Sul - SP,Fibra 200 Mega,99.9,0,N/A,,N/A,0,,
CLI-1284,Centro - RJ,Fibra 400 Mega,129.9,1,MNT-2026-002,2026-01-16 00:01:01,Lentidão Extrema,0,,
CLI-1285,Zona Sul - SP,Fibra 400 Mega,129.9,1,MNT-2026-001,2026-01-10 14:43:04,Lentidão Extrema,0,,
CLI-1286,Zona Leste - SP,Fibra 200 Mega,99.9,1,MNT-2026-003,2026-02-01 14:00:35,Lentidão Extrema,0,,
CLI-1287,Centro - RJ,Fibra 400 Mega,129.9,0,N/A,,N/A,0,,
CLI-1288,Zona Norte - SP,Fibra 200 Mega,99.9,0,N/A,,N/A,0,,
CLI-1289,Centro - RJ,Fibra 200 Mega,99.9,0,N/A,,N/A,0,,
CLI-1290,Zona Sul - SP,Fibra 400 Mega,129.9,0,N/A,,N/A,0,,
CLI-1291,Zona Sul - SP,Fibra 200 Mega,99.9,0,N/A,,N/A,0,,
CLI-1292,Barra - RJ,Fibra 400 Mega,129.9,0,N/A,,N/A,0,,
CLI-1293,Zona Leste - SP,Fibra 400 Mega,129.9,1,MNT-2026-003,2026-02-01 14:21:59,Perda de Pacotes / Oscilação,0,,
CLI-1294,Zona Sul - SP,Fibra 600 Mega,159.9,0,N/A,,N/A,0,,
CLI-1295,Centro - RJ,Fibra 200 Mega,99.9,1,MNT-2026-002,2026-01-16 01:17:05,Sem Conexão / Queda Geral,1,2026-02-08,23.0
CLI-1296,Barra - RJ,Fibra 200 Mega,99.9,0,N/A,,N/A,0,,
CLI-1297,Zona Norte - SP,Fibra 200 Mega,99.9,0,N/A,,N/A,0,,
CLI-1298,Centro - RJ,Fibra 400 Mega,129.9,0,N/A,,N/A,0,,
CLI-1299,Zona Sul - SP,Fibra 600 Mega,159.9,0,N/A,,N/A,0,,
CLI-1300,Zona Sul - SP,Fibra 200 Mega,99.9,0,N/A,,N/A,0,,
CLI-1301,Centro - RJ,Fibra 1 Giga,199.9,0,N/A,,N/A,0,,
CLI-1302,Centro - RJ,Fibra 200 Mega,99.9,0,N/A,,N/A,0,,
CLI-1303,Centro - RJ,Fibra 400 Mega,129.9,1,MNT-2026-002,2026-01-15 22:28:03,Lentidão Extrema,0,,
CLI-1304,Zona Sul - RJ,Fibra 600 Mega,159.9,0,N/A,,N/A,0,,
CLI-1305,Savassi - BH,Fibra 600 Mega,159.9,0,N/A,,N/A,0,,
CLI-1306,Centro - RJ,Fibra 600 Mega,159.9,1,MNT-2026-002,2026-01-16 03:43:45,Perda de Pacotes / Oscilação,1,2026-01-21,5.0
CLI-1307,Zona Norte - SP,Fibra 600 Mega,159.9,0,N/A,,N/A,0,,
CLI-1308,Barra - RJ,Fibra 400 Mega,129.9,0,N/A,,N/A,0,,
CLI-1309,Zona Norte - SP,Fibra 600 Mega,159.9,0,N/A,,N/A,0,,
CLI-1310,Zona Leste - SP,Fibra 200 Mega,99.9,1,MNT-2026-003,2026-02-01 14:04:46,Lentidão Extrema,0,,
CLI-1311,Zona Sul - SP,Fibra 600 Mega,159.9,0,N/A,,N/A,0,,
CLI-1312,Zona Sul - SP,Fibra 400 Mega,129.9,0,N/A,,N/A,0,,
CLI-1313,Savassi - BH,Fibra 600 Mega,159.9,0,N/A,,N/A,0,,
CLI-1314,Barra - RJ,Fibra 400 Mega,129.9,0,N/A,,N/A,0,,
CLI-1315,Zona Sul - RJ,Fibra 400 Mega,129.9,0,N/A,,N/A,0,,
CLI-1316,Zona Leste - SP,Fibra 400 Mega,129.9,0,N/A,,N/A,0,,
CLI-1317,Zona Sul - SP,Fibra 600 Mega,159.9,0,N/A,,N/A,0,,
CLI-1318,Zona Sul - SP,Fibra 200 Mega,99.9,1,MNT-2026-001,2026-01-10 11:50:29,Lentidão Extrema,0,,
CLI-1319,Zona Norte - SP,Fibra 200 Mega,99.9,0,N/A,,N/A,0,,
CLI-1320,Centro - RJ,Fibra 200 Mega,99.9,1,MNT-2026-002,2026-01-15 22:40:59,Sem Conexão / Queda Geral,1,2026-01-30,15.0
CLI-1321,Zona Sul - RJ,Fibra 200 Mega,99.9,0,N/A,,N/A,0,,
CLI-1322,Zona Sul - RJ,Fibra 600 Mega,159.9,1,MNT-2026-005,2026-02-18 02:18:40,Perda de Pacotes / Oscilação,1,2026-03-18,28.0
CLI-1323,Zona Norte - SP,Fibra 200 Mega,99.9,0,N/A,,N/A,0,,
CLI-1324,Savassi - BH,Fibra 1 Giga,199.9,0,N/A,,N/A,0,,
CLI-1325,Zona Sul - RJ,Fibra 400 Mega,129.9,0,N/A,,N/A,0,,
CLI-1326,Centro - RJ,Fibra 200 Mega,99.9,0,N/A,,N/A,0,,
CLI-1327,Centro - RJ,Fibra 600 Mega,159.9,0,N/A,,N/A,0,,
CLI-1328,Zona Leste - SP,Fibra 400 Mega,129.9,0,N/A,,N/A,0,,
CLI-1329,Zona Norte - SP,Fibra 400 Mega,129.9,0,N/A,,N/A,0,,
CLI-1330,Zona Leste - SP,Fibra 400 Mega,129.9,0,N/A,,N/A,0,,
CLI-1331,Barra - RJ,Fibra 600 Mega,159.9,0,N/A,,N/A,0,,
CLI-1332,Zona Sul - SP,Fibra 200 Mega,99.9,1,MNT-2026-001,2026-01-10 13:15:14,Lentidão Extrema,1,2026-02-02,23.0
CLI-1333,Zona Sul - SP,Fibra 1 Giga,199.9,1,MNT-2026-001,2026-01-10 15:19:38,Lentidão Extrema,0,,
CLI-1334,Zona Sul - SP,Fibra 1 Giga,199.9,0,N/A,,N/A,0,,
CLI-1335,Zona Sul - SP,Fibra 400 Mega,129.9,1,MNT-2026-001,2026-01-10 15:51:53,Perda de Pacotes / Oscilação,1,2026-01-19,9.0
CLI-1336,Centro - BH,Fibra 200 Mega,99.9,1,MNT-2026-004,2026-02-10 14:10:02,Perda de Pacotes / Oscilação,0,,
CLI-1337,Zona Sul - RJ,Fibra 400 Mega,129.9,0,N/A,,N/A,0,,
CLI-1338,Zona Leste - SP,Fibra 200 Mega,99.9,0,N/A,,N/A,0,,
CLI-1339,Zona Sul - SP,Fibra 200 Mega,99.9,1,MNT-2026-001,2026-01-10 08:43:56,Sem Conexão / Queda Geral,0,,
CLI-1340,Zona Leste - SP,Fibra 200 Mega,99.9,0,N/A,,N/A,0,,
CLI-1341,Zona Leste - SP,Fibra 400 Mega,129.9,1,MNT-2026-003,2026-02-01 14:19:40,Lentidão Extrema,0,,
CLI-1342,Zona Sul - SP,Fibra 600 Mega,159.9,0,N/A,,N/A,0,,
CLI-1343,Zona Leste - SP,Fibra 600 Mega,159.9,1,MNT-2026-003,2026-02-01 12:02:01,Lentidão Extrema,0,,
CLI-1344,Zona Leste - SP,Fibra 600 Mega,159.9,0,N/A,,N/A,0,,
CLI-1345,Centro - RJ,Fibra 400 Mega,129.9,0,N/A,,N/A,0,,
CLI-1346,Centro - RJ,Fibra 400 Mega,129.9,0,N/A,,N/A,0,,
CLI-1347,Zona Sul - SP,Fibra 400 Mega,129.9,0,N/A,,N/A,0,,
CLI-1348,Zona Leste - SP,Fibra 1 Giga,199.9,1,MNT-2026-003,2026-02-01 11:56:33,Sem Conexão / Queda Geral,0,,
CLI-1349,Centro - RJ,Fibra 200 Mega,99.9,1,MNT-2026-002,2026-01-16 02:41:02,Sem Conexão / Queda Geral,0,,
CLI-1350,Centro - RJ,Fibra 600 Mega,159.9,0,N/A,,N/A,0,,
CLI-1351,Centro - BH,Fibra 400 Mega,129.9,1,MNT-2026-004,2026-02-10 16:35:09,Perda de Pacotes / Oscilação,0,,
CLI-1352,Zona Sul - RJ,Fibra 400 Mega,129.9,0,N/A,,N/A,0,,
CLI-1353,Zona Sul - SP,Fibra 600 Mega,159.9,1,MNT-2026-001,2026-01-10 17:59:53,Sem Conexão / Queda Geral,0,,
CLI-1354,Zona Sul - SP,Fibra 400 Mega,129.9,1,MNT-2026-001,2026-01-10 16:49:26,Sem Conexão / Queda Geral,1,2026-01-31,21.0
CLI-1355,Centro - RJ,Fibra 600 Mega,159.9,0,N/A,,N/A,0,,
CLI-1356,Zona Sul - SP,Fibra 1 Giga,199.9,1,MNT-2026-001,2026-01-10 08:14:56,Perda de Pacotes / Oscilação,0,,
CLI-1357,Centro - RJ,Fibra 400 Mega,129.9,1,MNT-2026-002,2026-01-16 05:39:31,Sem Conexão / Queda Geral,0,,
CLI-1358,Savassi - BH,Fibra 200 Mega,99.9,0,N/A,,N/A,0,,
CLI-1359,Centro - RJ,Fibra 400 Mega,129.9,0,N/A,,N/A,0,,
CLI-1360,Zona Leste - SP,Fibra 1 Giga,199.9,0,N/A,,N/A,0,,
CLI-1361,Centro - RJ,Fibra 200 Mega,99.9,1,MNT-2026-002,2026-01-16 05:35:52,Lentidão Extrema,0,,
CLI-1362,Zona Leste - SP,Fibra 400 Mega,129.9,1,MNT-2026-003,2026-02-01 14:01:03,Sem Conexão / Queda Geral,0,,
CLI-1363,Centro - RJ,Fibra 400 Mega,129.9,0,N/A,,N/A,0,,
CLI-1364,Savassi - BH,Fibra 600 Mega,159.9,0,N/A,,N/A,0,,
CLI-1365,Zona Leste - SP,Fibra 200 Mega,99.9,0,N/A,,N/A,0,,
CLI-1366,Savassi - BH,Fibra 600 Mega,159.9,0,N/A,,N/A,0,,
CLI-1367,Centro - BH,Fibra 1 Giga,199.9,1,MNT-2026-004,2026-02-10 19:14:35,Lentidão Extrema,0,,
CLI-1368,Zona Sul - SP,Fibra 200 Mega,99.9,1,MNT-2026-001,2026-01-10 13:26:06,Perda de Pacotes / Oscilação,0,,
CLI-1369,Zona Sul - SP,Fibra 200 Mega,99.9,0,N/A,,N/A,0,,
CLI-1370,Zona Sul - SP,Fibra 1 Giga,199.9,1,MNT-2026-001,2026-01-10 16:49:01,Lentidão Extrema,1,2026-02-04,25.0
CLI-1371,Zona Sul - SP,Fibra 200 Mega,99.9,0,N/A,,N/A,0,,
CLI-1372,Zona Sul - SP,Fibra 600 Mega,159.9,1,MNT-2026-001,2026-01-10 11:26:03,Perda de Pacotes / Oscilação,1,2026-01-23,13.0
CLI-1373,Zona Sul - RJ,Fibra 400 Mega,129.9,1,MNT-2026-005,2026-02-18 04:31:46,Lentidão Extrema,1,2026-03-14,24.0
CLI-1374,Zona Sul - SP,Fibra 200 Mega,99.9,0,N/A,,N/A,0,,
CLI-1375,Zona Norte - SP,Fibra 600 Mega,159.9,0,N/A,,N/A,0,,
CLI-1376,Barra - RJ,Fibra 400 Mega,129.9,0,N/A,,N/A,0,,
CLI-1377,Zona Sul - SP,Fibra 400 Mega,129.9,0,N/A,,N/A,0,,
CLI-1378,Barra - RJ,Fibra 400 Mega,129.9,0,N/A,,N/A,0,,
CLI-1379,Zona Norte - SP,Fibra 400 Mega,129.9,0,N/A,,N/A,0,,
CLI-1380,Zona Sul - SP,Fibra 200 Mega,99.9,1,MNT-2026-001,2026-01-10 14:02:37,Sem Conexão / Queda Geral,0,,
CLI-1381,Zona Sul - RJ,Fibra 400 Mega,129.9,1,MNT-2026-005,2026-02-18 03:23:37,Lentidão Extrema,1,2026-02-23,5.0
CLI-1382,Centro - RJ,Fibra 1 Giga,199.9,1,MNT-2026-002,2026-01-16 03:57:35,Sem Conexão / Queda Geral,1,2026-02-11,26.0
CLI-1383,Centro - BH,Fibra 200 Mega,99.9,0,N/A,,N/A,0,,
CLI-1384,Zona Sul - RJ,Fibra 400 Mega,129.9,0,N/A,,N/A,0,,
CLI-1385,Barra - RJ,Fibra 400 Mega,129.9,0,N/A,,N/A,0,,
CLI-1386,Zona Norte - SP,Fibra 600 Mega,159.9,0,N/A,,N/A,0,,
CLI-1387,Zona Sul - SP,Fibra 200 Mega,99.9,0,N/A,,N/A,0,,
CLI-1388,Barra - RJ,Fibra 1 Giga,199.9,0,N/A,,N/A,0,,
CLI-1389,Barra - RJ,Fibra 400 Mega,129.9,0,N/A,,N/A,0,,
CLI-1390,Savassi - BH,Fibra 200 Mega,99.9,0,N/A,,N/A,0,,
CLI-1391,Zona Leste - SP,Fibra 200 Mega,99.9,0,N/A,,N/A,1,2026-02-20,
CLI-1392,Zona Leste - SP,Fibra 200 Mega,99.9,1,MNT-2026-003,2026-02-01 11:36:56,Sem Conexão / Queda Geral,0,,
CLI-1393,Barra - RJ,Fibra 400 Mega,129.9,0,N/A,,N/A,0,,
CLI-1394,Zona Norte - SP,Fibra 400 Mega,129.9,0,N/A,,N/A,0,,
CLI-1395,Savassi - BH,Fibra 600 Mega,159.9,0,N/A,,N/A,0,,
CLI-1396,Centro - BH,Fibra 400 Mega,129.9,0,N/A,,N/A,0,,
CLI-1397,Zona Leste - SP,Fibra 200 Mega,99.9,0,N/A,,N/A,0,,
CLI-1398,Barra - RJ,Fibra 400 Mega,129.9,0,N/A,,N/A,0,,
CLI-1399,Barra - RJ,Fibra 600 Mega,159.9,0,N/A,,N/A,0,,
CLI-1400,Zona Sul - SP,Fibra 200 Mega,99.9,1,MNT-2026-001,2026-01-10 14:49:25,Lentidão Extrema,1,2026-01-27,17.0
CLI-1401,Centro - BH,Fibra 200 Mega,99.9,1,MNT-2026-004,2026-02-10 13:16:40,Sem Conexão / Queda Geral,1,2026-03-02,20.0
CLI-1402,Centro - RJ,Fibra 200 Mega,99.9,0,N/A,,N/A,0,,
CLI-1403,Barra - RJ,Fibra 600 Mega,159.9,0,N/A,,N/A,0,,
CLI-1404,Zona Norte - SP,Fibra 400 Mega,129.9,0,N/A,,N/A,0,,
CLI-1405,Centro - BH,Fibra 400 Mega,129.9,1,MNT-2026-004,2026-02-10 18:23:41,Perda de Pacotes / Oscilação,1,2026-02-19,9.0
CLI-1406,Zona Leste - SP,Fibra 600 Mega,159.9,0,N/A,,N/A,0,,
CLI-1407,Zona Sul - SP,Fibra 600 Mega,159.9,0,N/A,,N/A,0,,
CLI-1408,Centro - BH,Fibra 400 Mega,129.9,0,N/A,,N/A,0,,
CLI-1409,Zona Sul - SP,Fibra 600 Mega,159.9,0,N/A,,N/A,0,,
CLI-1410,Zona Norte - SP,Fibra 200 Mega,99.9,0,N/A,,N/A,0,,
CLI-1411,Savassi - BH,Fibra 200 Mega,99.9,0,N/A,,N/A,0,,
CLI-1412,Savassi - BH,Fibra 200 Mega,99.9,0,N/A,,N/A,0,,
CLI-1413,Centro - RJ,Fibra 200 Mega,99.9,0,N/A,,N/A,0,,
CLI-1414,Centro - RJ,Fibra 400 Mega,129.9,0,N/A,,N/A,0,,
CLI-1415,Zona Leste - SP,Fibra 1 Giga,199.9,1,MNT-2026-003,2026-02-01 12:28:16,Perda de Pacotes / Oscilação,0,,
CLI-1416,Zona Norte - SP,Fibra 200 Mega,99.9,0,N/A,,N/A,0,,
CLI-1417,Zona Norte - SP,Fibra 200 Mega,99.9,0,N/A,,N/A,0,,
CLI-1418,Zona Sul - RJ,Fibra 400 Mega,129.9,1,MNT-2026-005,2026-02-18 04:46:39,Perda de Pacotes / Oscilação,0,,
CLI-1419,Barra - RJ,Fibra 1 Giga,199.9,0,N/A,,N/A,1,2026-02-21,
CLI-1420,Barra - RJ,Fibra 400 Mega,129.9,0,N/A,,N/A,0,,
CLI-1421,Barra - RJ,Fibra 400 Mega,129.9,0,N/A,,N/A,0,,
CLI-1422,Zona Sul - SP,Fibra 200 Mega,99.9,0,N/A,,N/A,0,,
CLI-1423,Zona Leste - SP,Fibra 200 Mega,99.9,0,N/A,,N/A,0,,
CLI-1424,Zona Sul - SP,Fibra 1 Giga,199.9,0,N/A,,N/A,0,,
CLI-1425,Centro - RJ,Fibra 1 Giga,199.9,1,MNT-2026-002,2026-01-16 00:16:52,Perda de Pacotes / Oscilação,0,,
CLI-1426,Zona Leste - SP,Fibra 200 Mega,99.9,0,N/A,,N/A,0,,
CLI-1427,Centro - BH,Fibra 1 Giga,199.9,1,MNT-2026-004,2026-02-10 11:46:07,Perda de Pacotes / Oscilação,0,,
CLI-1428,Zona Leste - SP,Fibra 400 Mega,129.9,1,MNT-2026-003,2026-02-01 13:00:44,Sem Conexão / Queda Geral,0,,
CLI-1429,Zona Sul - SP,Fibra 600 Mega,159.9,0,N/A,,N/A,0,,
CLI-1430,Zona Sul - SP,Fibra 400 Mega,129.9,1,MNT-2026-001,2026-01-10 15:33:50,Sem Conexão / Queda Geral,1,2026-02-05,26.0
CLI-1431,Barra - RJ,Fibra 400 Mega,129.9,0,N/A,,N/A,0,,
CLI-1432,Centro - RJ,Fibra 400 Mega,129.9,0,N/A,,N/A,0,,
CLI-1433,Zona Sul - SP,Fibra 400 Mega,129.9,0,N/A,,N/A,0,,
CLI-1434,Zona Sul - SP,Fibra 200 Mega,99.9,1,MNT-2026-001,2026-01-10 16:46:18,Lentidão Extrema,0,,
CLI-1435,Zona Sul - RJ,Fibra 200 Mega,99.9,1,MNT-2026-005,2026-02-18 01:31:26,Lentidão Extrema,0,,
CLI-1436,Zona Sul - SP,Fibra 400 Mega,129.9,1,MNT-2026-001,2026-01-10 12:06:25,Perda de Pacotes / Oscilação,0,,
CLI-1437,Barra - RJ,Fibra 600 Mega,159.9,0,N/A,,N/A,0,,
CLI-1438,Zona Sul - RJ,Fibra 200 Mega,99.9,0,N/A,,N/A,0,,
CLI-1439,Zona Sul - SP,Fibra 400 Mega,129.9,1,MNT-2026-001,2026-01-10 15:10:58,Sem Conexão / Queda Geral,1,2026-01-14,4.0
CLI-1440,Zona Sul - SP,Fibra 1 Giga,199.9,0,N/A,,N/A,0,,
CLI-1441,Savassi - BH,Fibra 200 Mega,99.9,0,N/A,,N/A,0,,
CLI-1442,Zona Leste - SP,Fibra 400 Mega,129.9,0,N/A,,N/A,0,,
CLI-1443,Zona Leste - SP,Fibra 400 Mega,129.9,0,N/A,,N/A,0,,
CLI-1444,Barra - RJ,Fibra 600 Mega,159.9,0,N/A,,N/A,0,,
CLI-1445,Savassi - BH,Fibra 200 Mega,99.9,0,N/A,,N/A,1,2026-01-20,
CLI-1446,Savassi - BH,Fibra 400 Mega,129.9,0,N/A,,N/A,0,,
CLI-1447,Barra - RJ,Fibra 600 Mega,159.9,0,N/A,,N/A,0,,
CLI-1448,Zona Leste - SP,Fibra 1 Giga,199.9,0,N/A,,N/A,0,,
CLI-1449,Zona Sul - SP,Fibra 400 Mega,129.9,0,N/A,,N/A,0,,
CLI-1450,Barra - RJ,Fibra 400 Mega,129.9,0,N/A,,N/A,0,,
CLI-1451,Centro - RJ,Fibra 400 Mega,129.9,1,MNT-2026-002,2026-01-15 22:24:45,Sem Conexão / Queda Geral,1,2026-01-31,16.0
CLI-1452,Zona Leste - SP,Fibra 600 Mega,159.9,1,MNT-2026-003,2026-02-01 11:08:13,Perda de Pacotes / Oscilação,1,2026-02-16,15.0
CLI-1453,Centro - BH,Fibra 400 Mega,129.9,1,MNT-2026-004,2026-02-10 19:50:02,Lentidão Extrema,0,,
CLI-1454,Zona Sul - SP,Fibra 200 Mega,99.9,0,N/A,,N/A,0,,
CLI-1455,Zona Leste - SP,Fibra 1 Giga,199.9,0,N/A,,N/A,0,,
CLI-1456,Zona Sul - SP,Fibra 400 Mega,129.9,0,N/A,,N/A,0,,
CLI-1457,Zona Leste - SP,Fibra 400 Mega,129.9,1,MNT-2026-003,2026-02-01 12:22:21,Sem Conexão / Queda Geral,0,,
CLI-1458,Zona Sul - SP,Fibra 200 Mega,99.9,0,N/A,,N/A,0,,
CLI-1459,Zona Sul - SP,Fibra 400 Mega,129.9,1,MNT-2026-001,2026-01-10 14:41:13,Perda de Pacotes / Oscilação,0,,
CLI-1460,Zona Sul - SP,Fibra 400 Mega,129.9,0,N/A,,N/A,0,,
CLI-1461,Centro - RJ,Fibra 400 Mega,129.9,1,MNT-2026-002,2026-01-15 23:06:42,Lentidão Extrema,1,2026-01-22,7.0
CLI-1462,Zona Sul - RJ,Fibra 200 Mega,99.9,0,N/A,,N/A,0,,
CLI-1463,Centro - RJ,Fibra 400 Mega,129.9,1,MNT-2026-002,2026-01-16 05:09:41,Lentidão Extrema,1,2026-01-21,5.0
CLI-1464,Savassi - BH,Fibra 1 Giga,199.9,0,N/A,,N/A,0,,
CLI-1465,Zona Leste - SP,Fibra 200 Mega,99.9,1,MNT-2026-003,2026-02-01 14:02:40,Sem Conexão / Queda Geral,0,,
CLI-1466,Zona Norte - SP,Fibra 1 Giga,199.9,0,N/A,,N/A,0,,
CLI-1467,Centro - BH,Fibra 400 Mega,129.9,1,MNT-2026-004,2026-02-10 12:41:10,Perda de Pacotes / Oscilação,1,2026-03-10,28.0
CLI-1468,Zona Norte - SP,Fibra 600 Mega,159.9,0,N/A,,N/A,0,,
CLI-1469,Savassi - BH,Fibra 600 Mega,159.9,0,N/A,,N/A,0,,
CLI-1470,Zona Sul - SP,Fibra 400 Mega,129.9,0,N/A,,N/A,0,,
CLI-1471,Savassi - BH,Fibra 600 Mega,159.9,0,N/A,,N/A,0,,
CLI-1472,Zona Sul - SP,Fibra 600 Mega,159.9,0,N/A,,N/A,0,,
CLI-1473,Centro - BH,Fibra 400 Mega,129.9,1,MNT-2026-004,2026-02-10 14:19:53,Perda de Pacotes / Oscilação,1,2026-02-16,6.0
CLI-1474,Centro - RJ,Fibra 400 Mega,129.9,1,MNT-2026-002,2026-01-15 23:09:13,Perda de Pacotes / Oscilação,0,,
CLI-1475,Savassi - BH,Fibra 400 Mega,129.9,0,N/A,,N/A,0,,
CLI-1476,Zona Sul - SP,Fibra 600 Mega,159.9,1,MNT-2026-001,2026-01-10 16:09:38,Lentidão Extrema,0,,
CLI-1477,Centro - RJ,Fibra 600 Mega,159.9,1,MNT-2026-002,2026-01-16 02:35:09,Sem Conexão / Queda Geral,0,,
CLI-1478,Savassi - BH,Fibra 600 Mega,159.9,0,N/A,,N/A,0,,
CLI-1479,Centro - RJ,Fibra 400 Mega,129.9,0,N/A,,N/A,0,,
CLI-1480,Centro - RJ,Fibra 600 Mega,159.9,0,N/A,,N/A,0,,
CLI-1481,Zona Sul - RJ,Fibra 200 Mega,99.9,0,N/A,,N/A,0,,
CLI-1482,Zona Leste - SP,Fibra 400 Mega,129.9,0,N/A,,N/A,0,,
CLI-1483,Centro - RJ,Fibra 200 Mega,99.9,0,N/A,,N/A,0,,
CLI-1484,Centro - RJ,Fibra 400 Mega,129.9,0,N/A,,N/A,0,,
CLI-1485,Centro - BH,Fibra 400 Mega,129.9,1,MNT-2026-004,2026-02-10 12:42:01,Sem Conexão / Queda Geral,1,2026-03-02,20.0
CLI-1486,Zona Sul - SP,Fibra 400 Mega,129.9,0,N/A,,N/A,0,,
CLI-1487,Zona Norte - SP,Fibra 400 Mega,129.9,0,N/A,,N/A,0,,
CLI-1488,Savassi - BH,Fibra 400 Mega,129.9,0,N/A,,N/A,0,,
CLI-1489,Centro - BH,Fibra 400 Mega,129.9,0,N/A,,N/A,0,,
CLI-1490,Zona Leste - SP,Fibra 200 Mega,99.9,0,N/A,,N/A,0,,
CLI-1491,Centro - RJ,Fibra 400 Mega,129.9,0,N/A,,N/A,0,,
CLI-1492,Zona Norte - SP,Fibra 200 Mega,99.9,0,N/A,,N/A,0,,
CLI-1493,Zona Sul - SP,Fibra 200 Mega,99.9,0,N/A,,N/A,0,,
CLI-1494,Zona Leste - SP,Fibra 400 Mega,129.9,1,MNT-2026-003,2026-02-01 13:06:36,Sem Conexão / Queda Geral,0,,
CLI-1495,Zona Leste - SP,Fibra 400 Mega,129.9,0,N/A,,N/A,0,,
CLI-1496,Centro - RJ,Fibra 400 Mega,129.9,0,N/A,,N/A,0,,
CLI-1497,Zona Sul - SP,Fibra 400 Mega,129.9,1,MNT-2026-001,2026-01-10 12:38:24,Lentidão Extrema,0,,
CLI-1498,Savassi - BH,Fibra 400 Mega,129.9,0,N/A,,N/A,0,,
CLI-1499,Savassi - BH,Fibra 600 Mega,159.9,0,N/A,,N/A,0,,
CLI-1500,Zona Sul - RJ,Fibra 400 Mega,129.9,1,MNT-2026-005,2026-02-18 01:23:18,Sem Conexão / Queda Geral,0,,
CLI-1501,Centro - RJ,Fibra 400 Mega,129.9,0,N/A,,N/A,0,,
CLI-1502,Zona Norte - SP,Fibra 200 Mega,99.9,0,N/A,,N/A,0,,
CLI-1503,Barra - RJ,Fibra 400 Mega,129.9,0,N/A,,N/A,0,,
CLI-1504,Zona Sul - RJ,Fibra 400 Mega,129.9,0,N/A,,N/A,0,,
CLI-1505,Zona Sul - SP,Fibra 400 Mega,129.9,0,N/A,,N/A,0,,
CLI-1506,Centro - BH,Fibra 400 Mega,129.9,0,N/A,,N/A,0,,
CLI-1507,Barra - RJ,Fibra 400 Mega,129.9,0,N/A,,N/A,0,,
CLI-1508,Savassi - BH,Fibra 400 Mega,129.9,0,N/A,,N/A,0,,
CLI-1509,Zona Sul - RJ,Fibra 600 Mega,159.9,1,MNT-2026-005,2026-02-18 02:18:32,Perda de Pacotes / Oscilação,1,2026-02-22,4.0
CLI-1510,Centro - RJ,Fibra 600 Mega,159.9,0,N/A,,N/A,0,,
CLI-1511,Zona Leste - SP,Fibra 600 Mega,159.9,0,N/A,,N/A,0,,
CLI-1512,Savassi - BH,Fibra 1 Giga,199.9,0,N/A,,N/A,0,,
CLI-1513,Centro - BH,Fibra 200 Mega,99.9,0,N/A,,N/A,0,,
CLI-1514,Zona Sul - SP,Fibra 200 Mega,99.9,0,N/A,,N/A,0,,
CLI-1515,Zona Sul - SP,Fibra 200 Mega,99.9,0,N/A,,N/A,0,,
CLI-1516,Zona Leste - SP,Fibra 400 Mega,129.9,0,N/A,,N/A,0,,
CLI-1517,Barra - RJ,Fibra 600 Mega,159.9,0,N/A,,N/A,0,,
CLI-1518,Savassi - BH,Fibra 200 Mega,99.9,0,N/A,,N/A,0,,
CLI-1519,Zona Sul - SP,Fibra 1 Giga,199.9,1,MNT-2026-001,2026-01-10 12:52:07,Sem Conexão / Queda Geral,1,2026-02-02,23.0
CLI-1520,Centro - RJ,Fibra 200 Mega,99.9,0,N/A,,N/A,0,,
CLI-1521,Zona Leste - SP,Fibra 1 Giga,199.9,1,MNT-2026-003,2026-02-01 10:39:04,Sem Conexão / Queda Geral,0,,
CLI-1522,Savassi - BH,Fibra 400 Mega,129.9,0,N/A,,N/A,0,,
CLI-1523,Barra - RJ,Fibra 200 Mega,99.9,0,N/A,,N/A,0,,
CLI-1524,Barra - RJ,Fibra 400 Mega,129.9,0,N/A,,N/A,0,,
CLI-1525,Zona Leste - SP,Fibra 200 Mega,99.9,1,MNT-2026-003,2026-02-01 13:49:42,Sem Conexão / Queda Geral,0,,
CLI-1526,Zona Leste - SP,Fibra 200 Mega,99.9,0,N/A,,N/A,0,,
CLI-1527,Zona Norte - SP,Fibra 400 Mega,129.9,0,N/A,,N/A,0,,
CLI-1528,Zona Sul - SP,Fibra 600 Mega,159.9,1,MNT-2026-001,2026-01-10 09:32:47,Sem Conexão / Queda Geral,1,2026-02-04,25.0
CLI-1529,Centro - BH,Fibra 400 Mega,129.9,0,N/A,,N/A,0,,
CLI-1530,Barra - RJ,Fibra 400 Mega,129.9,0,N/A,,N/A,0,,
CLI-1531,Savassi - BH,Fibra 400 Mega,129.9,0,N/A,,N/A,0,,
CLI-1532,Savassi - BH,Fibra 600 Mega,159.9,0,N/A,,N/A,0,,
CLI-1533,Centro - RJ,Fibra 200 Mega,99.9,1,MNT-2026-002,2026-01-16 00:29:11,Sem Conexão / Queda Geral,0,,
CLI-1534,Barra - RJ,Fibra 400 Mega,129.9,0,N/A,,N/A,0,,
CLI-1535,Savassi - BH,Fibra 200 Mega,99.9,0,N/A,,N/A,0,,
CLI-1536,Barra - RJ,Fibra 200 Mega,99.9,0,N/A,,N/A,0,,
CLI-1537,Zona Norte - SP,Fibra 400 Mega,129.9,0,N/A,,N/A,0,,
CLI-1538,Zona Leste - SP,Fibra 200 Mega,99.9,0,N/A,,N/A,0,,
CLI-1539,Zona Sul - SP,Fibra 400 Mega,129.9,1,MNT-2026-001,2026-01-10 15:11:43,Perda de Pacotes / Oscilação,1,2026-01-17,7.0
CLI-1540,Savassi - BH,Fibra 600 Mega,159.9,0,N/A,,N/A,0,,
CLI-1541,Centro - RJ,Fibra 200 Mega,99.9,1,MNT-2026-002,2026-01-15 23:14:56,Lentidão Extrema,1,2026-01-19,4.0
CLI-1542,Zona Norte - SP,Fibra 400 Mega,129.9,0,N/A,,N/A,1,2026-01-28,
CLI-1543,Zona Sul - RJ,Fibra 200 Mega,99.9,1,MNT-2026-005,2026-02-18 02:43:49,Perda de Pacotes / Oscilação,0,,
CLI-1544,Centro - RJ,Fibra 1 Giga,199.9,0,N/A,,N/A,0,,
CLI-1545,Zona Leste - SP,Fibra 400 Mega,129.9,0,N/A,,N/A,0,,
CLI-1546,Zona Sul - SP,Fibra 600 Mega,159.9,0,N/A,,N/A,1,2026-02-23,
CLI-1547,Zona Sul - RJ,Fibra 400 Mega,129.9,0,N/A,,N/A,0,,
CLI-1548,Centro - RJ,Fibra 200 Mega,99.9,1,MNT-2026-002,2026-01-16 01:54:26,Perda de Pacotes / Oscilação,0,,
CLI-1549,Barra - RJ,Fibra 400 Mega,129.9,0,N/A,,N/A,0,,
CLI-1550,Centro - RJ,Fibra 1 Giga,199.9,1,MNT-2026-002,2026-01-16 01:41:12,Sem Conexão / Queda Geral,0,,
CLI-1551,Centro - BH,Fibra 400 Mega,129.9,1,MNT-2026-004,2026-02-10 18:22:32,Perda de Pacotes / Oscilação,0,,
CLI-1552,Centro - RJ,Fibra 600 Mega,159.9,1,MNT-2026-002,2026-01-16 05:41:12,Sem Conexão / Queda Geral,1,2026-02-04,19.0
CLI-1553,Centro - RJ,Fibra 600 Mega,159.9,1,MNT-2026-002,2026-01-15 22:42:57,Lentidão Extrema,0,,
CLI-1554,Centro - BH,Fibra 200 Mega,99.9,0,N/A,,N/A,0,,
CLI-1555,Zona Leste - SP,Fibra 200 Mega,99.9,0,N/A,,N/A,0,,
CLI-1556,Zona Sul - SP,Fibra 400 Mega,129.9,0,N/A,,N/A,0,,
CLI-1557,Zona Sul - SP,Fibra 400 Mega,129.9,1,MNT-2026-001,2026-01-10 14:21:36,Lentidão Extrema,0,,
CLI-1558,Barra - RJ,Fibra 600 Mega,159.9,0,N/A,,N/A,0,,
CLI-1559,Centro - RJ,Fibra 1 Giga,199.9,0,N/A,,N/A,0,,
CLI-1560,Zona Sul - RJ,Fibra 400 Mega,129.9,1,MNT-2026-005,2026-02-18 01:53:52,Sem Conexão / Queda Geral,0,,
CLI-1561,Zona Norte - SP,Fibra 200 Mega,99.9,0,N/A,,N/A,0,,
CLI-1562,Zona Sul - SP,Fibra 600 Mega,159.9,0,N/A,,N/A,0,,
CLI-1563,Zona Sul - SP,Fibra 200 Mega,99.9,0,N/A,,N/A,0,,
CLI-1564,Zona Leste - SP,Fibra 600 Mega,159.9,0,N/A,,N/A,0,,
CLI-1565,Centro - RJ,Fibra 400 Mega,129.9,1,MNT-2026-002,2026-01-16 03:08:17,Perda de Pacotes / Oscilação,0,,
CLI-1566,Zona Leste - SP,Fibra 400 Mega,129.9,0,N/A,,N/A,0,,
CLI-1567,Zona Leste - SP,Fibra 200 Mega,99.9,0,N/A,,N/A,0,,
CLI-1568,Centro - BH,Fibra 400 Mega,129.9,1,MNT-2026-004,2026-02-10 18:03:00,Perda de Pacotes / Oscilação,1,2026-02-19,9.0
CLI-1569,Zona Norte - SP,Fibra 400 Mega,129.9,0,N/A,,N/A,0,,
CLI-1570,Centro - RJ,Fibra 400 Mega,129.9,1,MNT-2026-002,2026-01-15 22:40:31,Lentidão Extrema,0,,
CLI-1571,Barra - RJ,Fibra 200 Mega,99.9,0,N/A,,N/A,0,,
CLI-1572,Zona Leste - SP,Fibra 600 Mega,159.9,1,MNT-2026-003,2026-02-01 11:36:46,Sem Conexão / Queda Geral,0,,
CLI-1573,Centro - RJ,Fibra 600 Mega,159.9,0,N/A,,N/A,0,,
CLI-1574,Centro - BH,Fibra 200 Mega,99.9,0,N/A,,N/A,0,,
CLI-1575,Savassi - BH,Fibra 200 Mega,99.9,0,N/A,,N/A,0,,
CLI-1576,Zona Sul - SP,Fibra 200 Mega,99.9,0,N/A,,N/A,0,,
CLI-1577,Centro - BH,Fibra 400 Mega,129.9,1,MNT-2026-004,2026-02-10 13:25:36,Lentidão Extrema,0,,
CLI-1578,Zona Leste - SP,Fibra 400 Mega,129.9,0,N/A,,N/A,0,,
CLI-1579,Zona Norte - SP,Fibra 400 Mega,129.9,0,N/A,,N/A,0,,
CLI-1580,Zona Leste - SP,Fibra 200 Mega,99.9,0,N/A,,N/A,0,,
CLI-1581,Savassi - BH,Fibra 400 Mega,129.9,0,N/A,,N/A,0,,
CLI-1582,Zona Leste - SP,Fibra 400 Mega,129.9,1,MNT-2026-003,2026-02-01 14:52:52,Sem Conexão / Queda Geral,1,2026-02-24,23.0
CLI-1583,Zona Norte - SP,Fibra 400 Mega,129.9,0,N/A,,N/A,0,,
CLI-1584,Centro - RJ,Fibra 1 Giga,199.9,1,MNT-2026-002,2026-01-16 02:45:29,Perda de Pacotes / Oscilação,1,2026-01-28,12.0
CLI-1585,Zona Norte - SP,Fibra 200 Mega,99.9,0,N/A,,N/A,0,,
CLI-1586,Zona Sul - SP,Fibra 400 Mega,129.9,1,MNT-2026-001,2026-01-10 14:09:35,Perda de Pacotes / Oscilação,0,,
CLI-1587,Zona Sul - SP,Fibra 400 Mega,129.9,0,N/A,,N/A,0,,
CLI-1588,Zona Sul - SP,Fibra 400 Mega,129.9,1,MNT-2026-001,2026-01-10 09:43:13,Perda de Pacotes / Oscilação,0,,
CLI-1589,Zona Sul - SP,Fibra 600 Mega,159.9,1,MNT-2026-001,2026-01-10 10:44:14,Lentidão Extrema,1,2026-02-01,22.0
CLI-1590,Zona Sul - SP,Fibra 400 Mega,129.9,1,MNT-2026-001,2026-01-10 14:22:05,Lentidão Extrema,0,,
CLI-1591,Centro - RJ,Fibra 1 Giga,199.9,0,N/A,,N/A,0,,
CLI-1592,Zona Sul - SP,Fibra 200 Mega,99.9,0,N/A,,N/A,0,,
CLI-1593,Zona Norte - SP,Fibra 200 Mega,99.9,0,N/A,,N/A,0,,
CLI-1594,Centro - BH,Fibra 600 Mega,159.9,1,MNT-2026-004,2026-02-10 15:58:47,Sem Conexão / Queda Geral,0,,
CLI-1595,Zona Leste - SP,Fibra 400 Mega,129.9,0,N/A,,N/A,0,,
CLI-1596,Zona Sul - RJ,Fibra 200 Mega,99.9,0,N/A,,N/A,0,,
CLI-1597,Zona Sul - SP,Fibra 200 Mega,99.9,0,N/A,,N/A,0,,
CLI-1598,Zona Sul - SP,Fibra 200 Mega,99.9,1,MNT-2026-001,2026-01-10 14:36:03,Lentidão Extrema,1,2026-01-17,7.0
CLI-1599,Zona Sul - SP,Fibra 600 Mega,159.9,1,MNT-2026-001,2026-01-10 16:51:08,Sem Conexão / Queda Geral,1,2026-01-15,5.0
CLI-1600,Zona Sul - SP,Fibra 200 Mega,99.9,1,MNT-2026-001,2026-01-10 13:23:05,Sem Conexão / Queda Geral,0,,
CLI-1601,Zona Norte - SP,Fibra 400 Mega,129.9,0,N/A,,N/A,0,,
CLI-1602,Zona Sul - SP,Fibra 200 Mega,99.9,0,N/A,,N/A,0,,
CLI-1603,Zona Sul - SP,Fibra 400 Mega,129.9,0,N/A,,N/A,0,,
CLI-1604,Zona Sul - SP,Fibra 200 Mega,99.9,0,N/A,,N/A,0,,
CLI-1605,Zona Leste - SP,Fibra 400 Mega,129.9,1,MNT-2026-003,2026-02-01 10:38:45,Perda de Pacotes / Oscilação,0,,
CLI-1606,Zona Norte - SP,Fibra 200 Mega,99.9,0,N/A,,N/A,0,,
CLI-1607,Zona Leste - SP,Fibra 600 Mega,159.9,1,MNT-2026-003,2026-02-01 12:59:01,Sem Conexão / Queda Geral,0,,
CLI-1608,Centro - RJ,Fibra 200 Mega,99.9,0,N/A,,N/A,0,,
CLI-1609,Zona Sul - RJ,Fibra 400 Mega,129.9,1,MNT-2026-005,2026-02-18 02:17:48,Perda de Pacotes / Oscilação,0,,
CLI-1610,Zona Sul - SP,Fibra 600 Mega,159.9,1,MNT-2026-001,2026-01-10 12:21:14,Lentidão Extrema,0,,
CLI-1611,Barra - RJ,Fibra 400 Mega,129.9,0,N/A,,N/A,0,,
CLI-1612,Centro - RJ,Fibra 400 Mega,129.9,0,N/A,,N/A,0,,
CLI-1613,Zona Sul - SP,Fibra 400 Mega,129.9,0,N/A,,N/A,0,,
CLI-1614,Centro - BH,Fibra 400 Mega,129.9,1,MNT-2026-004,2026-02-10 15:07:46,Lentidão Extrema,0,,
CLI-1615,Centro - BH,Fibra 400 Mega,129.9,1,MNT-2026-004,2026-02-10 12:57:00,Sem Conexão / Queda Geral,0,,
CLI-1616,Zona Sul - SP,Fibra 1 Giga,199.9,1,MNT-2026-001,2026-01-10 12:33:04,Sem Conexão / Queda Geral,0,,
CLI-1617,Zona Norte - SP,Fibra 400 Mega,129.9,0,N/A,,N/A,0,,
CLI-1618,Barra - RJ,Fibra 400 Mega,129.9,0,N/A,,N/A,0,,
CLI-1619,Zona Sul - RJ,Fibra 600 Mega,159.9,1,MNT-2026-005,2026-02-18 04:50:59,Perda de Pacotes / Oscilação,0,,
CLI-1620,Zona Sul - SP,Fibra 400 Mega,129.9,1,MNT-2026-001,2026-01-10 10:55:06,Lentidão Extrema,0,,
CLI-1621,Zona Norte - SP,Fibra 200 Mega,99.9,0,N/A,,N/A,0,,
CLI-1622,Zona Leste - SP,Fibra 400 Mega,129.9,0,N/A,,N/A,0,,
CLI-1623,Zona Leste - SP,Fibra 1 Giga,199.9,0,N/A,,N/A,0,,
CLI-1624,Centro - RJ,Fibra 200 Mega,99.9,0,N/A,,N/A,0,,
CLI-1625,Zona Leste - SP,Fibra 400 Mega,129.9,1,MNT-2026-003,2026-02-01 12:36:31,Perda de Pacotes / Oscilação,0,,
CLI-1626,Zona Leste - SP,Fibra 200 Mega,99.9,1,MNT-2026-003,2026-02-01 09:44:34,Lentidão Extrema,1,2026-02-12,11.0
CLI-1627,Zona Sul - RJ,Fibra 400 Mega,129.9,0,N/A,,N/A,0,,
CLI-1628,Zona Sul - SP,Fibra 200 Mega,99.9,0,N/A,,N/A,0,,
CLI-1629,Zona Norte - SP,Fibra 400 Mega,129.9,0,N/A,,N/A,0,,
CLI-1630,Zona Sul - RJ,Fibra 600 Mega,159.9,1,MNT-2026-005,2026-02-18 04:46:34,Lentidão Extrema,0,,
CLI-1631,Centro - BH,Fibra 400 Mega,129.9,1,MNT-2026-004,2026-02-10 18:32:23,Lentidão Extrema,0,,
CLI-1632,Centro - RJ,Fibra 400 Mega,129.9,0,N/A,,N/A,1,2026-02-11,
CLI-1633,Centro - RJ,Fibra 600 Mega,159.9,0,N/A,,N/A,0,,
CLI-1634,Zona Sul - SP,Fibra 1 Giga,199.9,0,N/A,,N/A,0,,
CLI-1635,Zona Leste - SP,Fibra 200 Mega,99.9,1,MNT-2026-003,2026-02-01 11:37:20,Sem Conexão / Queda Geral,1,2026-02-03,2.0
CLI-1636,Centro - RJ,Fibra 400 Mega,129.9,1,MNT-2026-002,2026-01-16 03:48:57,Perda de Pacotes / Oscilação,0,,
CLI-1637,Zona Norte - SP,Fibra 200 Mega,99.9,0,N/A,,N/A,0,,
CLI-1638,Zona Norte - SP,Fibra 1 Giga,199.9,0,N/A,,N/A,0,,
CLI-1639,Zona Leste - SP,Fibra 1 Giga,199.9,0,N/A,,N/A,1,2026-01-23,
CLI-1640,Zona Sul - SP,Fibra 400 Mega,129.9,0,N/A,,N/A,0,,
CLI-1641,Zona Norte - SP,Fibra 600 Mega,159.9,0,N/A,,N/A,0,,
CLI-1642,Zona Norte - SP,Fibra 400 Mega,129.9,0,N/A,,N/A,1,2026-02-02,
CLI-1643,Zona Norte - SP,Fibra 400 Mega,129.9,0,N/A,,N/A,0,,
CLI-1644,Zona Sul - SP,Fibra 200 Mega,99.9,1,MNT-2026-001,2026-01-10 09:33:30,Perda de Pacotes / Oscilação,0,,
CLI-1645,Centro - BH,Fibra 600 Mega,159.9,1,MNT-2026-004,2026-02-10 19:34:35,Perda de Pacotes / Oscilação,0,,
CLI-1646,Centro - RJ,Fibra 200 Mega,99.9,0,N/A,,N/A,0,,
CLI-1647,Zona Sul - RJ,Fibra 600 Mega,159.9,1,MNT-2026-005,2026-02-18 03:08:22,Sem Conexão / Queda Geral,0,,
CLI-1648,Barra - RJ,Fibra 600 Mega,159.9,0,N/A,,N/A,0,,
CLI-1649,Zona Leste - SP,Fibra 600 Mega,159.9,1,MNT-2026-003,2026-02-01 09:08:52,Lentidão Extrema,0,,
CLI-1650,Zona Sul - SP,Fibra 200 Mega,99.9,1,MNT-2026-001,2026-01-10 09:53:13,Perda de Pacotes / Oscilação,0,,
CLI-1651,Centro - RJ,Fibra 400 Mega,129.9,1,MNT-2026-002,2026-01-15 22:24:12,Lentidão Extrema,0,,
CLI-1652,Centro - RJ,Fibra 200 Mega,99.9,0,N/A,,N/A,0,,
CLI-1653,Zona Sul - RJ,Fibra 400 Mega,129.9,0,N/A,,N/A,0,,
CLI-1654,Zona Leste - SP,Fibra 200 Mega,99.9,0,N/A,,N/A,0,,
CLI-1655,Zona Sul - SP,Fibra 1 Giga,199.9,0,N/A,,N/A,0,,
CLI-1656,Zona Norte - SP,Fibra 400 Mega,129.9,0,N/A,,N/A,0,,
CLI-1657,Zona Leste - SP,Fibra 400 Mega,129.9,0,N/A,,N/A,0,,
CLI-1658,Centro - RJ,Fibra 400 Mega,129.9,1,MNT-2026-002,2026-01-15 23:48:56,Sem Conexão / Queda Geral,1,2026-01-25,10.0
CLI-1659,Centro - RJ,Fibra 400 Mega,129.9,0,N/A,,N/A,0,,
CLI-1660,Zona Leste - SP,Fibra 400 Mega,129.9,0,N/A,,N/A,0,,
CLI-1661,Savassi - BH,Fibra 400 Mega,129.9,0,N/A,,N/A,0,,
CLI-1662,Centro - RJ,Fibra 1 Giga,199.9,1,MNT-2026-002,2026-01-16 01:14:57,Sem Conexão / Queda Geral,0,,
CLI-1663,Zona Norte - SP,Fibra 400 Mega,129.9,0,N/A,,N/A,0,,
CLI-1664,Zona Sul - SP,Fibra 1 Giga,199.9,1,MNT-2026-001,2026-01-10 14:41:58,Lentidão Extrema,0,,
CLI-1665,Zona Sul - SP,Fibra 600 Mega,159.9,0,N/A,,N/A,0,,
CLI-1666,Zona Norte - SP,Fibra 200 Mega,99.9,0,N/A,,N/A,0,,
CLI-1667,Zona Sul - SP,Fibra 1 Giga,199.9,0,N/A,,N/A,0,,
CLI-1668,Zona Sul - SP,Fibra 200 Mega,99.9,0,N/A,,N/A,0,,
CLI-1669,Zona Norte - SP,Fibra 600 Mega,159.9,0,N/A,,N/A,0,,
CLI-1670,Zona Sul - SP,Fibra 400 Mega,129.9,0,N/A,,N/A,0,,
CLI-1671,Centro - BH,Fibra 600 Mega,159.9,1,MNT-2026-004,2026-02-10 13:17:06,Perda de Pacotes / Oscilação,1,2026-02-14,4.0
CLI-1672,Zona Sul - SP,Fibra 600 Mega,159.9,1,MNT-2026-001,2026-01-10 13:22:55,Lentidão Extrema,0,,
CLI-1673,Centro - RJ,Fibra 600 Mega,159.9,0,N/A,,N/A,0,,
CLI-1674,Zona Leste - SP,Fibra 600 Mega,159.9,1,MNT-2026-003,2026-02-01 13:04:11,Sem Conexão / Queda Geral,0,,
CLI-1675,Savassi - BH,Fibra 400 Mega,129.9,0,N/A,,N/A,0,,
CLI-1676,Zona Sul - SP,Fibra 200 Mega,99.9,0,N/A,,N/A,0,,
CLI-1677,Zona Leste - SP,Fibra 400 Mega,129.9,0,N/A,,N/A,0,,
CLI-1678,Savassi - BH,Fibra 200 Mega,99.9,0,N/A,,N/A,0,,
CLI-1679,Centro - BH,Fibra 400 Mega,129.9,0,N/A,,N/A,0,,
CLI-1680,Barra - RJ,Fibra 400 Mega,129.9,0,N/A,,N/A,0,,
CLI-1681,Zona Norte - SP,Fibra 1 Giga,199.9,0,N/A,,N/A,0,,
CLI-1682,Zona Sul - SP,Fibra 400 Mega,129.9,1,MNT-2026-001,2026-01-10 08:34:00,Sem Conexão / Queda Geral,0,,
CLI-1683,Zona Sul - RJ,Fibra 600 Mega,159.9,0,N/A,,N/A,0,,
CLI-1684,Centro - BH,Fibra 200 Mega,99.9,1,MNT-2026-004,2026-02-10 14:17:46,Perda de Pacotes / Oscilação,0,,
CLI-1685,Centro - RJ,Fibra 600 Mega,159.9,1,MNT-2026-002,2026-01-16 03:09:47,Sem Conexão / Queda Geral,0,,
CLI-1686,Centro - RJ,Fibra 1 Giga,199.9,0,N/A,,N/A,0,,
CLI-1687,Zona Norte - SP,Fibra 400 Mega,129.9,0,N/A,,N/A,0,,
CLI-1688,Barra - RJ,Fibra 400 Mega,129.9,0,N/A,,N/A,0,,
CLI-1689,Zona Sul - SP,Fibra 600 Mega,159.9,0,N/A,,N/A,0,,
CLI-1690,Zona Norte - SP,Fibra 200 Mega,99.9,0,N/A,,N/A,0,,
CLI-1691,Zona Leste - SP,Fibra 400 Mega,129.9,0,N/A,,N/A,0,,
CLI-1692,Centro - RJ,Fibra 400 Mega,129.9,1,MNT-2026-002,2026-01-16 04:41:46,Sem Conexão / Queda Geral,0,,
CLI-1693,Zona Norte - SP,Fibra 200 Mega,99.9,0,N/A,,N/A,0,,
CLI-1694,Zona Sul - SP,Fibra 400 Mega,129.9,0,N/A,,N/A,0,,
CLI-1695,Centro - RJ,Fibra 200 Mega,99.9,1,MNT-2026-002,2026-01-16 02:03:43,Sem Conexão / Queda Geral,0,,
CLI-1696,Zona Norte - SP,Fibra 200 Mega,99.9,0,N/A,,N/A,0,,
CLI-1697,Centro - RJ,Fibra 200 Mega,99.9,0,N/A,,N/A,0,,
CLI-1698,Zona Sul - SP,Fibra 1 Giga,199.9,1,MNT-2026-001,2026-01-10 09:20:53,Lentidão Extrema,1,2026-02-02,23.0
CLI-1699,Zona Leste - SP,Fibra 400 Mega,129.9,1,MNT-2026-003,2026-02-01 09:47:56,Perda de Pacotes / Oscilação,0,,
CLI-1700,Centro - RJ,Fibra 1 Giga,199.9,0,N/A,,N/A,0,,
CLI-1701,Zona Sul - SP,Fibra 400 Mega,129.9,0,N/A,,N/A,0,,
CLI-1702,Zona Norte - SP,Fibra 400 Mega,129.9,0,N/A,,N/A,0,,
CLI-1703,Zona Sul - SP,Fibra 400 Mega,129.9,1,MNT-2026-001,2026-01-10 10:52:02,Perda de Pacotes / Oscilação,0,,
CLI-1704,Zona Sul - SP,Fibra 400 Mega,129.9,0,N/A,,N/A,0,,
CLI-1705,Savassi - BH,Fibra 200 Mega,99.9,0,N/A,,N/A,0,,
CLI-1706,Zona Norte - SP,Fibra 400 Mega,129.9,0,N/A,,N/A,0,,
CLI-1707,Barra - RJ,Fibra 200 Mega,99.9,0,N/A,,N/A,0,,
CLI-1708,Zona Norte - SP,Fibra 400 Mega,129.9,0,N/A,,N/A,0,,
CLI-1709,Zona Sul - RJ,Fibra 400 Mega,129.9,1,MNT-2026-005,2026-02-18 03:14:54,Sem Conexão / Queda Geral,0,,
CLI-1710,Barra - RJ,Fibra 200 Mega,99.9,0,N/A,,N/A,0,,
CLI-1711,Centro - RJ,Fibra 200 Mega,99.9,0,N/A,,N/A,0,,
CLI-1712,Zona Leste - SP,Fibra 600 Mega,159.9,1,MNT-2026-003,2026-02-01 09:47:05,Sem Conexão / Queda Geral,1,2026-02-24,23.0
CLI-1713,Zona Leste - SP,Fibra 400 Mega,129.9,0,N/A,,N/A,0,,
CLI-1714,Zona Norte - SP,Fibra 200 Mega,99.9,0,N/A,,N/A,0,,
CLI-1715,Centro - BH,Fibra 1 Giga,199.9,0,N/A,,N/A,0,,
CLI-1716,Barra - RJ,Fibra 200 Mega,99.9,0,N/A,,N/A,0,,
CLI-1717,Savassi - BH,Fibra 400 Mega,129.9,0,N/A,,N/A,0,,
CLI-1718,Zona Sul - SP,Fibra 1 Giga,199.9,1,MNT-2026-001,2026-01-10 17:25:05,Lentidão Extrema,1,2026-02-06,27.0
CLI-1719,Zona Sul - RJ,Fibra 200 Mega,99.9,0,N/A,,N/A,0,,
CLI-1720,Savassi - BH,Fibra 200 Mega,99.9,0,N/A,,N/A,0,,
CLI-1721,Zona Sul - SP,Fibra 200 Mega,99.9,0,N/A,,N/A,0,,
CLI-1722,Zona Sul - SP,Fibra 400 Mega,129.9,0,N/A,,N/A,0,,
CLI-1723,Zona Sul - RJ,Fibra 200 Mega,99.9,1,MNT-2026-005,2026-02-18 01:41:47,Lentidão Extrema,1,2026-03-01,11.0
CLI-1724,Centro - RJ,Fibra 400 Mega,129.9,0,N/A,,N/A,0,,
CLI-1725,Barra - RJ,Fibra 200 Mega,99.9,0,N/A,,N/A,0,,
CLI-1726,Zona Sul - SP,Fibra 400 Mega,129.9,0,N/A,,N/A,0,,
CLI-1727,Barra - RJ,Fibra 1 Giga,199.9,0,N/A,,N/A,0,,
CLI-1728,Zona Norte - SP,Fibra 600 Mega,159.9,0,N/A,,N/A,0,,
CLI-1729,Zona Sul - SP,Fibra 400 Mega,129.9,0,N/A,,N/A,0,,
CLI-1730,Zona Sul - SP,Fibra 400 Mega,129.9,0,N/A,,N/A,0,,
CLI-1731,Barra - RJ,Fibra 400 Mega,129.9,0,N/A,,N/A,0,,
CLI-1732,Zona Sul - RJ,Fibra 400 Mega,129.9,0,N/A,,N/A,0,,
CLI-1733,Centro - RJ,Fibra 400 Mega,129.9,0,N/A,,N/A,0,,
CLI-1734,Zona Leste - SP,Fibra 200 Mega,99.9,0,N/A,,N/A,0,,
CLI-1735,Centro - BH,Fibra 600 Mega,159.9,1,MNT-2026-004,2026-02-10 10:44:59,Sem Conexão / Queda Geral,1,2026-03-03,21.0
CLI-1736,Zona Leste - SP,Fibra 400 Mega,129.9,0,N/A,,N/A,0,,
CLI-1737,Barra - RJ,Fibra 200 Mega,99.9,0,N/A,,N/A,0,,
CLI-1738,Zona Leste - SP,Fibra 400 Mega,129.9,0,N/A,,N/A,0,,
CLI-1739,Zona Leste - SP,Fibra 400 Mega,129.9,1,MNT-2026-003,2026-02-01 14:42:30,Perda de Pacotes / Oscilação,1,2026-02-11,10.0
CLI-1740,Zona Leste - SP,Fibra 600 Mega,159.9,0,N/A,,N/A,0,,
CLI-1741,Zona Norte - SP,Fibra 600 Mega,159.9,0,N/A,,N/A,0,,
CLI-1742,Zona Sul - RJ,Fibra 600 Mega,159.9,1,MNT-2026-005,2026-02-18 01:19:55,Perda de Pacotes / Oscilação,1,2026-03-05,15.0
CLI-1743,Centro - RJ,Fibra 200 Mega,99.9,1,MNT-2026-002,2026-01-16 02:13:38,Sem Conexão / Queda Geral,1,2026-01-21,5.0
CLI-1744,Zona Norte - SP,Fibra 400 Mega,129.9,0,N/A,,N/A,0,,
CLI-1745,Centro - BH,Fibra 400 Mega,129.9,0,N/A,,N/A,0,,
CLI-1746,Zona Leste - SP,Fibra 200 Mega,99.9,0,N/A,,N/A,0,,
CLI-1747,Centro - RJ,Fibra 200 Mega,99.9,1,MNT-2026-002,2026-01-16 01:22:21,Perda de Pacotes / Oscilação,0,,
CLI-1748,Centro - BH,Fibra 600 Mega,159.9,1,MNT-2026-004,2026-02-10 18:29:30,Sem Conexão / Queda Geral,1,2026-02-18,8.0
CLI-1749,Centro - RJ,Fibra 200 Mega,99.9,1,MNT-2026-002,2026-01-15 22:27:38,Lentidão Extrema,0,,
CLI-1750,Zona Sul - SP,Fibra 400 Mega,129.9,0,N/A,,N/A,0,,
CLI-1751,Savassi - BH,Fibra 200 Mega,99.9,0,N/A,,N/A,0,,
CLI-1752,Centro - RJ,Fibra 200 Mega,99.9,0,N/A,,N/A,0,,
CLI-1753,Zona Norte - SP,Fibra 200 Mega,99.9,0,N/A,,N/A,0,,
CLI-1754,Zona Sul - SP,Fibra 1 Giga,199.9,0,N/A,,N/A,0,,
CLI-1755,Barra - RJ,Fibra 600 Mega,159.9,0,N/A,,N/A,0,,
CLI-1756,Centro - RJ,Fibra 1 Giga,199.9,0,N/A,,N/A,0,,
CLI-1757,Centro - RJ,Fibra 400 Mega,129.9,0,N/A,,N/A,0,,
CLI-1758,Centro - BH,Fibra 200 Mega,99.9,1,MNT-2026-004,2026-02-10 17:09:31,Perda de Pacotes / Oscilação,0,,
CLI-1759,Barra - RJ,Fibra 400 Mega,129.9,0,N/A,,N/A,0,,
CLI-1760,Zona Sul - SP,Fibra 400 Mega,129.9,0,N/A,,N/A,1,2026-02-06,
CLI-1761,Zona Norte - SP,Fibra 600 Mega,159.9,0,N/A,,N/A,0,,
CLI-1762,Zona Norte - SP,Fibra 200 Mega,99.9,0,N/A,,N/A,0,,
CLI-1763,Zona Sul - RJ,Fibra 400 Mega,129.9,0,N/A,,N/A,0,,
CLI-1764,Zona Sul - SP,Fibra 200 Mega,99.9,0,N/A,,N/A,0,,
CLI-1765,Centro - RJ,Fibra 400 Mega,129.9,1,MNT-2026-002,2026-01-16 00:24:26,Perda de Pacotes / Oscilação,0,,
CLI-1766,Barra - RJ,Fibra 600 Mega,159.9,0,N/A,,N/A,0,,
CLI-1767,Centro - BH,Fibra 400 Mega,129.9,1,MNT-2026-004,2026-02-10 10:55:52,Perda de Pacotes / Oscilação,0,,
CLI-1768,Zona Norte - SP,Fibra 400 Mega,129.9,0,N/A,,N/A,0,,
CLI-1769,Barra - RJ,Fibra 400 Mega,129.9,0,N/A,,N/A,0,,
CLI-1770,Zona Sul - SP,Fibra 400 Mega,129.9,1,MNT-2026-001,2026-01-10 16:11:54,Perda de Pacotes / Oscilação,1,2026-01-30,20.0
CLI-1771,Barra - RJ,Fibra 600 Mega,159.9,0,N/A,,N/A,0,,
CLI-1772,Zona Sul - SP,Fibra 600 Mega,159.9,1,MNT-2026-001,2026-01-10 09:45:36,Lentidão Extrema,0,,
CLI-1773,Zona Leste - SP,Fibra 1 Giga,199.9,0,N/A,,N/A,0,,
CLI-1774,Barra - RJ,Fibra 600 Mega,159.9,0,N/A,,N/A,0,,
CLI-1775,Zona Sul - SP,Fibra 400 Mega,129.9,1,MNT-2026-001,2026-01-10 17:16:05,Lentidão Extrema,0,,
CLI-1776,Zona Norte - SP,Fibra 400 Mega,129.9,0,N/A,,N/A,0,,
CLI-1777,Zona Sul - RJ,Fibra 400 Mega,129.9,1,MNT-2026-005,2026-02-18 02:30:56,Lentidão Extrema,0,,
CLI-1778,Zona Sul - RJ,Fibra 200 Mega,99.9,1,MNT-2026-005,2026-02-18 03:20:46,Sem Conexão / Queda Geral,1,2026-03-10,20.0
CLI-1779,Centro - RJ,Fibra 600 Mega,159.9,1,MNT-2026-002,2026-01-16 01:34:36,Perda de Pacotes / Oscilação,0,,
CLI-1780,Zona Sul - RJ,Fibra 200 Mega,99.9,1,MNT-2026-005,2026-02-18 02:31:51,Perda de Pacotes / Oscilação,0,,
CLI-1781,Centro - RJ,Fibra 1 Giga,199.9,0,N/A,,N/A,0,,
CLI-1782,Zona Norte - SP,Fibra 400 Mega,129.9,0,N/A,,N/A,0,,
CLI-1783,Zona Norte - SP,Fibra 400 Mega,129.9,0,N/A,,N/A,0,,
CLI-1784,Zona Sul - SP,Fibra 400 Mega,129.9,1,MNT-2026-001,2026-01-10 09:59:43,Lentidão Extrema,0,,
CLI-1785,Centro - BH,Fibra 600 Mega,159.9,0,N/A,,N/A,0,,
CLI-1786,Centro - RJ,Fibra 400 Mega,129.9,0,N/A,,N/A,1,2026-01-25,
CLI-1787,Zona Leste - SP,Fibra 400 Mega,129.9,1,MNT-2026-003,2026-02-01 14:58:02,Perda de Pacotes / Oscilação,0,,
CLI-1788,Zona Leste - SP,Fibra 200 Mega,99.9,0,N/A,,N/A,0,,
CLI-1789,Savassi - BH,Fibra 400 Mega,129.9,0,N/A,,N/A,0,,
CLI-1790,Zona Sul - SP,Fibra 200 Mega,99.9,0,N/A,,N/A,0,,
CLI-1791,Centro - RJ,Fibra 600 Mega,159.9,0,N/A,,N/A,0,,
CLI-1792,Centro - RJ,Fibra 400 Mega,129.9,0,N/A,,N/A,1,2026-02-17,
CLI-1793,Centro - RJ,Fibra 400 Mega,129.9,1,MNT-2026-002,2026-01-16 02:00:51,Lentidão Extrema,0,,
CLI-1794,Zona Sul - SP,Fibra 200 Mega,99.9,1,MNT-2026-001,2026-01-10 11:42:42,Lentidão Extrema,0,,
CLI-1795,Centro - BH,Fibra 200 Mega,99.9,0,N/A,,N/A,0,,
CLI-1796,Savassi - BH,Fibra 600 Mega,159.9,0,N/A,,N/A,0,,
CLI-1797,Centro - RJ,Fibra 200 Mega,99.9,0,N/A,,N/A,0,,
CLI-1798,Zona Sul - RJ,Fibra 200 Mega,99.9,0,N/A,,N/A,0,,
CLI-1799,Centro - BH,Fibra 200 Mega,99.9,0,N/A,,N/A,0,,
CLI-1800,Zona Sul - RJ,Fibra 1 Giga,199.9,1,MNT-2026-005,2026-02-18 01:47:17,Lentidão Extrema,0,,
CLI-1801,Zona Sul - SP,Fibra 600 Mega,159.9,1,MNT-2026-001,2026-01-10 14:26:58,Perda de Pacotes / Oscilação,0,,
CLI-1802,Centro - RJ,Fibra 400 Mega,129.9,0,N/A,,N/A,0,,
CLI-1803,Centro - RJ,Fibra 200 Mega,99.9,0,N/A,,N/A,0,,
CLI-1804,Zona Leste - SP,Fibra 400 Mega,129.9,1,MNT-2026-003,2026-02-01 11:14:37,Lentidão Extrema,0,,
CLI-1805,Zona Sul - RJ,Fibra 600 Mega,159.9,1,MNT-2026-005,2026-02-18 02:21:16,Lentidão Extrema,0,,
CLI-1806,Savassi - BH,Fibra 400 Mega,129.9,0,N/A,,N/A,0,,
CLI-1807,Centro - BH,Fibra 200 Mega,99.9,0,N/A,,N/A,0,,
CLI-1808,Zona Leste - SP,Fibra 200 Mega,99.9,0,N/A,,N/A,0,,
CLI-1809,Zona Sul - SP,Fibra 200 Mega,99.9,0,N/A,,N/A,0,,
CLI-1810,Savassi - BH,Fibra 400 Mega,129.9,0,N/A,,N/A,0,,
CLI-1811,Barra - RJ,Fibra 600 Mega,159.9,0,N/A,,N/A,0,,
CLI-1812,Zona Sul - SP,Fibra 200 Mega,99.9,0,N/A,,N/A,0,,
CLI-1813,Centro - BH,Fibra 200 Mega,99.9,1,MNT-2026-004,2026-02-10 12:39:59,Lentidão Extrema,1,2026-03-05,23.0
CLI-1814,Centro - BH,Fibra 200 Mega,99.9,1,MNT-2026-004,2026-02-10 18:03:11,Perda de Pacotes / Oscilação,1,2026-02-26,16.0
CLI-1815,Centro - RJ,Fibra 1 Giga,199.9,1,MNT-2026-002,2026-01-16 05:32:10,Perda de Pacotes / Oscilação,1,2026-02-03,18.0
CLI-1816,Centro - RJ,Fibra 200 Mega,99.9,0,N/A,,N/A,0,,
CLI-1817,Zona Leste - SP,Fibra 600 Mega,159.9,0,N/A,,N/A,0,,
CLI-1818,Zona Sul - SP,Fibra 400 Mega,129.9,1,MNT-2026-001,2026-01-10 17:40:02,Sem Conexão / Queda Geral,0,,
CLI-1819,Zona Norte - SP,Fibra 400 Mega,129.9,0,N/A,,N/A,0,,
CLI-1820,Barra - RJ,Fibra 200 Mega,99.9,0,N/A,,N/A,0,,
CLI-1821,Zona Sul - SP,Fibra 200 Mega,99.9,0,N/A,,N/A,0,,
CLI-1822,Zona Norte - SP,Fibra 400 Mega,129.9,0,N/A,,N/A,0,,
CLI-1823,Zona Leste - SP,Fibra 600 Mega,159.9,1,MNT-2026-003,2026-02-01 14:00:33,Sem Conexão / Queda Geral,0,,
CLI-1824,Centro - RJ,Fibra 400 Mega,129.9,0,N/A,,N/A,0,,
CLI-1825,Centro - BH,Fibra 400 Mega,129.9,0,N/A,,N/A,0,,
CLI-1826,Zona Norte - SP,Fibra 200 Mega,99.9,0,N/A,,N/A,0,,
CLI-1827,Zona Norte - SP,Fibra 1 Giga,199.9,0,N/A,,N/A,0,,
CLI-1828,Zona Sul - RJ,Fibra 600 Mega,159.9,0,N/A,,N/A,0,,
CLI-1829,Zona Leste - SP,Fibra 200 Mega,99.9,1,MNT-2026-003,2026-02-01 14:13:33,Sem Conexão / Queda Geral,0,,
CLI-1830,Zona Norte - SP,Fibra 1 Giga,199.9,0,N/A,,N/A,0,,
CLI-1831,Zona Leste - SP,Fibra 400 Mega,129.9,0,N/A,,N/A,0,,
CLI-1832,Zona Sul - SP,Fibra 400 Mega,129.9,1,MNT-2026-001,2026-01-10 11:12:00,Sem Conexão / Queda Geral,0,,
CLI-1833,Zona Sul - SP,Fibra 600 Mega,159.9,1,MNT-2026-001,2026-01-10 17:01:05,Sem Conexão / Queda Geral,0,,
CLI-1834,Zona Leste - SP,Fibra 600 Mega,159.9,0,N/A,,N/A,0,,
CLI-1835,Zona Leste - SP,Fibra 400 Mega,129.9,0,N/A,,N/A,1,2026-01-19,
CLI-1836,Centro - BH,Fibra 200 Mega,99.9,0,N/A,,N/A,0,,
CLI-1837,Zona Leste - SP,Fibra 400 Mega,129.9,1,MNT-2026-003,2026-02-01 13:08:08,Perda de Pacotes / Oscilação,0,,
CLI-1838,Centro - RJ,Fibra 1 Giga,199.9,0,N/A,,N/A,0,,
CLI-1839,Centro - RJ,Fibra 200 Mega,99.9,0,N/A,,N/A,0,,
CLI-1840,Zona Sul - SP,Fibra 400 Mega,129.9,1,MNT-2026-001,2026-01-10 10:03:02,Lentidão Extrema,1,2026-01-25,15.0
CLI-1841,Zona Sul - RJ,Fibra 400 Mega,129.9,0,N/A,,N/A,0,,
CLI-1842,Zona Sul - SP,Fibra 400 Mega,129.9,1,MNT-2026-001,2026-01-10 14:08:12,Lentidão Extrema,0,,
CLI-1843,Savassi - BH,Fibra 400 Mega,129.9,0,N/A,,N/A,0,,
CLI-1844,Zona Sul - SP,Fibra 1 Giga,199.9,1,MNT-2026-001,2026-01-10 15:22:54,Lentidão Extrema,0,,
CLI-1845,Zona Leste - SP,Fibra 200 Mega,99.9,1,MNT-2026-003,2026-02-01 09:52:05,Sem Conexão / Queda Geral,0,,
CLI-1846,Zona Sul - SP,Fibra 200 Mega,99.9,0,N/A,,N/A,0,,
CLI-1847,Savassi - BH,Fibra 200 Mega,99.9,0,N/A,,N/A,1,2026-01-31,
CLI-1848,Centro - RJ,Fibra 600 Mega,159.9,1,MNT-2026-002,2026-01-16 04:51:39,Lentidão Extrema,0,,
CLI-1849,Centro - RJ,Fibra 400 Mega,129.9,1,MNT-2026-002,2026-01-16 04:34:47,Perda de Pacotes / Oscilação,1,2026-02-06,21.0
CLI-1850,Zona Sul - SP,Fibra 200 Mega,99.9,1,MNT-2026-001,2026-01-10 12:18:06,Sem Conexão / Queda Geral,0,,
CLI-1851,Zona Sul - RJ,Fibra 600 Mega,159.9,0,N/A,,N/A,0,,
CLI-1852,Zona Norte - SP,Fibra 600 Mega,159.9,0,N/A,,N/A,0,,
CLI-1853,Centro - BH,Fibra 600 Mega,159.9,0,N/A,,N/A,0,,
CLI-1854,Zona Norte - SP,Fibra 1 Giga,199.9,0,N/A,,N/A,0,,
CLI-1855,Zona Sul - SP,Fibra 200 Mega,99.9,0,N/A,,N/A,0,,
CLI-1856,Zona Sul - SP,Fibra 600 Mega,159.9,0,N/A,,N/A,0,,
CLI-1857,Zona Leste - SP,Fibra 400 Mega,129.9,1,MNT-2026-003,2026-02-01 10:12:56,Lentidão Extrema,1,2026-02-25,24.0
CLI-1858,Centro - RJ,Fibra 600 Mega,159.9,0,N/A,,N/A,0,,
CLI-1859,Zona Sul - SP,Fibra 600 Mega,159.9,0,N/A,,N/A,0,,
CLI-1860,Barra - RJ,Fibra 600 Mega,159.9,0,N/A,,N/A,0,,
CLI-1861,Zona Leste - SP,Fibra 400 Mega,129.9,0,N/A,,N/A,0,,
CLI-1862,Centro - RJ,Fibra 200 Mega,99.9,0,N/A,,N/A,0,,
CLI-1863,Zona Leste - SP,Fibra 400 Mega,129.9,0,N/A,,N/A,0,,
CLI-1864,Zona Leste - SP,Fibra 1 Giga,199.9,0,N/A,,N/A,0,,
CLI-1865,Centro - RJ,Fibra 1 Giga,199.9,1,MNT-2026-002,2026-01-16 03:08:06,Sem Conexão / Queda Geral,1,2026-02-03,18.0
CLI-1866,Zona Sul - SP,Fibra 200 Mega,99.9,0,N/A,,N/A,0,,
CLI-1867,Zona Sul - SP,Fibra 200 Mega,99.9,0,N/A,,N/A,0,,
CLI-1868,Centro - BH,Fibra 200 Mega,99.9,0,N/A,,N/A,0,,
CLI-1869,Savassi - BH,Fibra 600 Mega,159.9,0,N/A,,N/A,0,,
CLI-1870,Zona Leste - SP,Fibra 600 Mega,159.9,0,N/A,,N/A,0,,
CLI-1871,Zona Norte - SP,Fibra 200 Mega,99.9,0,N/A,,N/A,0,,
CLI-1872,Centro - RJ,Fibra 400 Mega,129.9,1,MNT-2026-002,2026-01-15 22:30:23,Lentidão Extrema,1,2026-01-29,14.0
CLI-1873,Zona Leste - SP,Fibra 600 Mega,159.9,0,N/A,,N/A,0,,
CLI-1874,Zona Sul - SP,Fibra 600 Mega,159.9,0,N/A,,N/A,0,,
CLI-1875,Zona Sul - SP,Fibra 400 Mega,129.9,0,N/A,,N/A,0,,
CLI-1876,Zona Sul - RJ,Fibra 400 Mega,129.9,0,N/A,,N/A,0,,
CLI-1877,Zona Sul - RJ,Fibra 400 Mega,129.9,0,N/A,,N/A,1,2026-02-02,
CLI-1878,Zona Sul - SP,Fibra 200 Mega,99.9,0,N/A,,N/A,0,,
CLI-1879,Zona Norte - SP,Fibra 400 Mega,129.9,0,N/A,,N/A,0,,
CLI-1880,Zona Norte - SP,Fibra 400 Mega,129.9,0,N/A,,N/A,0,,
CLI-1881,Zona Sul - RJ,Fibra 600 Mega,159.9,0,N/A,,N/A,0,,
CLI-1882,Zona Sul - SP,Fibra 400 Mega,129.9,1,MNT-2026-001,2026-01-10 11:16:35,Sem Conexão / Queda Geral,0,,
CLI-1883,Zona Sul - SP,Fibra 600 Mega,159.9,0,N/A,,N/A,0,,
CLI-1884,Barra - RJ,Fibra 200 Mega,99.9,0,N/A,,N/A,0,,
CLI-1885,Zona Sul - SP,Fibra 400 Mega,129.9,0,N/A,,N/A,0,,
CLI-1886,Zona Sul - RJ,Fibra 200 Mega,99.9,0,N/A,,N/A,0,,
CLI-1887,Zona Norte - SP,Fibra 200 Mega,99.9,0,N/A,,N/A,0,,
CLI-1888,Zona Sul - SP,Fibra 600 Mega,159.9,0,N/A,,N/A,0,,
CLI-1889,Zona Norte - SP,Fibra 1 Giga,199.9,0,N/A,,N/A,0,,
CLI-1890,Zona Sul - RJ,Fibra 200 Mega,99.9,0,N/A,,N/A,0,,
CLI-1891,Centro - BH,Fibra 400 Mega,129.9,1,MNT-2026-004,2026-02-10 19:46:49,Lentidão Extrema,0,,
CLI-1892,Barra - RJ,Fibra 600 Mega,159.9,0,N/A,,N/A,0,,
CLI-1893,Zona Leste - SP,Fibra 200 Mega,99.9,1,MNT-2026-003,2026-02-01 09:01:53,Sem Conexão / Queda Geral,0,,
CLI-1894,Zona Sul - RJ,Fibra 400 Mega,129.9,0,N/A,,N/A,0,,
CLI-1895,Zona Norte - SP,Fibra 600 Mega,159.9,0,N/A,,N/A,0,,
CLI-1896,Zona Norte - SP,Fibra 400 Mega,129.9,0,N/A,,N/A,0,,
CLI-1897,Centro - BH,Fibra 200 Mega,99.9,1,MNT-2026-004,2026-02-10 18:23:07,Lentidão Extrema,1,2026-02-17,7.0
CLI-1898,Zona Sul - SP,Fibra 400 Mega,129.9,0,N/A,,N/A,0,,
CLI-1899,Zona Sul - SP,Fibra 600 Mega,159.9,1,MNT-2026-001,2026-01-10 15:37:55,Perda de Pacotes / Oscilação,0,,
CLI-1900,Zona Norte - SP,Fibra 400 Mega,129.9,0,N/A,,N/A,0,,
CLI-1901,Zona Sul - SP,Fibra 200 Mega,99.9,1,MNT-2026-001,2026-01-10 11:45:05,Sem Conexão / Queda Geral,1,2026-01-12,2.0
CLI-1902,Zona Sul - SP,Fibra 600 Mega,159.9,1,MNT-2026-001,2026-01-10 08:53:10,Sem Conexão / Queda Geral,0,,
CLI-1903,Centro - RJ,Fibra 200 Mega,99.9,1,MNT-2026-002,2026-01-16 00:07:58,Perda de Pacotes / Oscilação,1,2026-02-13,28.0
CLI-1904,Zona Leste - SP,Fibra 600 Mega,159.9,0,N/A,,N/A,0,,
CLI-1905,Centro - BH,Fibra 200 Mega,99.9,0,N/A,,N/A,0,,
CLI-1906,Barra - RJ,Fibra 1 Giga,199.9,0,N/A,,N/A,0,,
CLI-1907,Zona Norte - SP,Fibra 400 Mega,129.9,0,N/A,,N/A,0,,
CLI-1908,Zona Norte - SP,Fibra 400 Mega,129.9,0,N/A,,N/A,0,,
CLI-1909,Zona Leste - SP,Fibra 200 Mega,99.9,0,N/A,,N/A,0,,
CLI-1910,Centro - RJ,Fibra 400 Mega,129.9,1,MNT-2026-002,2026-01-16 05:58:33,Sem Conexão / Queda Geral,0,,
CLI-1911,Zona Norte - SP,Fibra 600 Mega,159.9,0,N/A,,N/A,0,,
CLI-1912,Centro - RJ,Fibra 1 Giga,199.9,1,MNT-2026-002,2026-01-16 00:30:16,Sem Conexão / Queda Geral,0,,
CLI-1913,Zona Leste - SP,Fibra 400 Mega,129.9,0,N/A,,N/A,0,,
CLI-1914,Centro - RJ,Fibra 400 Mega,129.9,1,MNT-2026-002,2026-01-16 04:10:41,Lentidão Extrema,0,,
CLI-1915,Zona Leste - SP,Fibra 600 Mega,159.9,1,MNT-2026-003,2026-02-01 12:08:05,Perda de Pacotes / Oscilação,0,,
CLI-1916,Zona Norte - SP,Fibra 600 Mega,159.9,0,N/A,,N/A,0,,
CLI-1917,Savassi - BH,Fibra 400 Mega,129.9,0,N/A,,N/A,0,,
CLI-1918,Barra - RJ,Fibra 400 Mega,129.9,0,N/A,,N/A,0,,
CLI-1919,Zona Sul - SP,Fibra 400 Mega,129.9,1,MNT-2026-001,2026-01-10 14:51:11,Sem Conexão / Queda Geral,0,,
CLI-1920,Centro - BH,Fibra 400 Mega,129.9,0,N/A,,N/A,0,,
CLI-1921,Zona Leste - SP,Fibra 200 Mega,99.9,1,MNT-2026-003,2026-02-01 10:18:50,Lentidão Extrema,0,,
CLI-1922,Centro - BH,Fibra 400 Mega,129.9,0,N/A,,N/A,0,,
CLI-1923,Barra - RJ,Fibra 400 Mega,129.9,0,N/A,,N/A,0,,
CLI-1924,Zona Leste - SP,Fibra 600 Mega,159.9,1,MNT-2026-003,2026-02-01 11:12:37,Lentidão Extrema,1,2026-02-22,21.0
CLI-1925,Zona Sul - SP,Fibra 200 Mega,99.9,1,MNT-2026-001,2026-01-10 16:11:17,Lentidão Extrema,1,2026-02-03,24.0
CLI-1926,Zona Norte - SP,Fibra 400 Mega,129.9,0,N/A,,N/A,0,,
CLI-1927,Centro - RJ,Fibra 400 Mega,129.9,1,MNT-2026-002,2026-01-16 01:25:59,Perda de Pacotes / Oscilação,0,,
CLI-1928,Centro - RJ,Fibra 400 Mega,129.9,1,MNT-2026-002,2026-01-15 22:39:44,Sem Conexão / Queda Geral,0,,
CLI-1929,Zona Norte - SP,Fibra 200 Mega,99.9,0,N/A,,N/A,0,,
CLI-1930,Zona Sul - SP,Fibra 400 Mega,129.9,0,N/A,,N/A,0,,
CLI-1931,Barra - RJ,Fibra 400 Mega,129.9,0,N/A,,N/A,0,,
CLI-1932,Savassi - BH,Fibra 400 Mega,129.9,0,N/A,,N/A,0,,
CLI-1933,Centro - RJ,Fibra 400 Mega,129.9,1,MNT-2026-002,2026-01-15 22:08:22,Sem Conexão / Queda Geral,0,,
CLI-1934,Zona Sul - SP,Fibra 400 Mega,129.9,0,N/A,,N/A,0,,
CLI-1935,Zona Norte - SP,Fibra 600 Mega,159.9,0,N/A,,N/A,0,,
CLI-1936,Zona Sul - SP,Fibra 200 Mega,99.9,0,N/A,,N/A,0,,
CLI-1937,Centro - BH,Fibra 600 Mega,159.9,0,N/A,,N/A,0,,
CLI-1938,Zona Sul - SP,Fibra 400 Mega,129.9,0,N/A,,N/A,0,,
CLI-1939,Centro - RJ,Fibra 200 Mega,99.9,0,N/A,,N/A,0,,
CLI-1940,Zona Norte - SP,Fibra 200 Mega,99.9,0,N/A,,N/A,0,,
CLI-1941,Centro - RJ,Fibra 400 Mega,129.9,1,MNT-2026-002,2026-01-16 00:22:50,Lentidão Extrema,0,,
CLI-1942,Zona Sul - RJ,Fibra 600 Mega,159.9,0,N/A,,N/A,0,,
CLI-1943,Barra - RJ,Fibra 600 Mega,159.9,0,N/A,,N/A,0,,
CLI-1944,Zona Norte - SP,Fibra 600 Mega,159.9,0,N/A,,N/A,0,,
CLI-1945,Zona Sul - SP,Fibra 400 Mega,129.9,0,N/A,,N/A,0,,
CLI-1946,Zona Sul - SP,Fibra 400 Mega,129.9,1,MNT-2026-001,2026-01-10 15:32:07,Sem Conexão / Queda Geral,0,,
CLI-1947,Centro - BH,Fibra 200 Mega,99.9,1,MNT-2026-004,2026-02-10 12:39:23,Sem Conexão / Queda Geral,1,2026-03-12,30.0
CLI-1948,Centro - BH,Fibra 400 Mega,129.9,0,N/A,,N/A,0,,
CLI-1949,Centro - RJ,Fibra 400 Mega,129.9,1,MNT-2026-002,2026-01-15 23:47:08,Lentidão Extrema,1,2026-02-03,19.0
CLI-1950,Centro - RJ,Fibra 200 Mega,99.9,0,N/A,,N/A,0,,
CLI-1951,Zona Sul - RJ,Fibra 200 Mega,99.9,0,N/A,,N/A,0,,
CLI-1952,Zona Sul - SP,Fibra 400 Mega,129.9,1,MNT-2026-001,2026-01-10 16:53:42,Perda de Pacotes / Oscilação,0,,
CLI-1953,Centro - BH,Fibra 600 Mega,159.9,0,N/A,,N/A,0,,
CLI-1954,Zona Leste - SP,Fibra 1 Giga,199.9,0,N/A,,N/A,0,,
CLI-1955,Zona Leste - SP,Fibra 1 Giga,199.9,0,N/A,,N/A,0,,
CLI-1956,Centro - RJ,Fibra 400 Mega,129.9,0,N/A,,N/A,0,,
CLI-1957,Zona Sul - SP,Fibra 400 Mega,129.9,0,N/A,,N/A,0,,
CLI-1958,Zona Sul - SP,Fibra 400 Mega,129.9,1,MNT-2026-001,2026-01-10 09:21:11,Perda de Pacotes / Oscilação,1,2026-01-11,1.0
CLI-1959,Zona Sul - RJ,Fibra 600 Mega,159.9,1,MNT-2026-005,2026-02-18 04:50:04,Perda de Pacotes / Oscilação,1,2026-03-13,23.0
CLI-1960,Zona Sul - SP,Fibra 200 Mega,99.9,1,MNT-2026-001,2026-01-10 11:58:54,Perda de Pacotes / Oscilação,0,,
CLI-1961,Centro - RJ,Fibra 400 Mega,129.9,1,MNT-2026-002,2026-01-16 03:48:17,Perda de Pacotes / Oscilação,0,,
CLI-1962,Zona Norte - SP,Fibra 600 Mega,159.9,0,N/A,,N/A,0,,
CLI-1963,Zona Leste - SP,Fibra 400 Mega,129.9,0,N/A,,N/A,1,2026-01-21,
CLI-1964,Zona Norte - SP,Fibra 400 Mega,129.9,0,N/A,,N/A,0,,
CLI-1965,Zona Leste - SP,Fibra 400 Mega,129.9,1,MNT-2026-003,2026-02-01 13:49:07,Perda de Pacotes / Oscilação,1,2026-02-11,10.0
CLI-1966,Zona Sul - RJ,Fibra 200 Mega,99.9,1,MNT-2026-005,2026-02-18 04:42:02,Perda de Pacotes / Oscilação,0,,
CLI-1967,Zona Norte - SP,Fibra 400 Mega,129.9,0,N/A,,N/A,0,,
CLI-1968,Centro - RJ,Fibra 400 Mega,129.9,0,N/A,,N/A,0,,
CLI-1969,Zona Leste - SP,Fibra 200 Mega,99.9,1,MNT-2026-003,2026-02-01 10:21:19,Sem Conexão / Queda Geral,1,2026-02-18,17.0
CLI-1970,Zona Sul - RJ,Fibra 200 Mega,99.9,1,MNT-2026-005,2026-02-18 02:36:47,Lentidão Extrema,0,,
CLI-1971,Savassi - BH,Fibra 600 Mega,159.9,0,N/A,,N/A,0,,
CLI-1972,Zona Sul - RJ,Fibra 200 Mega,99.9,0,N/A,,N/A,0,,
CLI-1973,Zona Norte - SP,Fibra 400 Mega,129.9,0,N/A,,N/A,0,,
CLI-1974,Zona Sul - SP,Fibra 200 Mega,99.9,0,N/A,,N/A,0,,
CLI-1975,Zona Norte - SP,Fibra 1 Giga,199.9,0,N/A,,N/A,0,,
CLI-1976,Centro - RJ,Fibra 200 Mega,99.9,1,MNT-2026-002,2026-01-16 05:48:42,Perda de Pacotes / Oscilação,0,,
CLI-1977,Zona Sul - SP,Fibra 400 Mega,129.9,1,MNT-2026-001,2026-01-10 14:54:15,Lentidão Extrema,0,,
CLI-1978,Zona Leste - SP,Fibra 600 Mega,159.9,1,MNT-2026-003,2026-02-01 09:05:09,Perda de Pacotes / Oscilação,1,2026-02-17,16.0
CLI-1979,Centro - RJ,Fibra 600 Mega,159.9,0,N/A,,N/A,0,,
CLI-1980,Zona Norte - SP,Fibra 200 Mega,99.9,0,N/A,,N/A,0,,
CLI-1981,Barra - RJ,Fibra 600 Mega,159.9,0,N/A,,N/A,0,,
CLI-1982,Zona Sul - SP,Fibra 400 Mega,129.9,0,N/A,,N/A,0,,
CLI-1983,Zona Sul - SP,Fibra 400 Mega,129.9,0,N/A,,N/A,0,,
CLI-1984,Zona Sul - RJ,Fibra 200 Mega,99.9,0,N/A,,N/A,0,,
CLI-1985,Zona Leste - SP,Fibra 200 Mega,99.9,0,N/A,,N/A,0,,
CLI-1986,Zona Sul - RJ,Fibra 600 Mega,159.9,0,N/A,,N/A,0,,
CLI-1987,Zona Leste - SP,Fibra 400 Mega,129.9,1,MNT-2026-003,2026-02-01 13:56:34,Perda de Pacotes / Oscilação,0,,
CLI-1988,Zona Norte - SP,Fibra 400 Mega,129.9,0,N/A,,N/A,0,,
CLI-1989,Barra - RJ,Fibra 600 Mega,159.9,0,N/A,,N/A,0,,
CLI-1990,Barra - RJ,Fibra 600 Mega,159.9,0,N/A,,N/A,1,2026-02-11,
CLI-1991,Zona Sul - RJ,Fibra 200 Mega,99.9,0,N/A,,N/A,0,,
CLI-1992,Zona Norte - SP,Fibra 400 Mega,129.9,0,N/A,,N/A,0,,
CLI-1993,Centro - RJ,Fibra 200 Mega,99.9,1,MNT-2026-002,2026-01-15 22:42:01,Lentidão Extrema,1,2026-01-23,8.0
CLI-1994,Zona Leste - SP,Fibra 600 Mega,159.9,0,N/A,,N/A,0,,
CLI-1995,Zona Sul - SP,Fibra 400 Mega,129.9,0,N/A,,N/A,0,,
CLI-1996,Centro - BH,Fibra 1 Giga,199.9,1,MNT-2026-004,2026-02-10 12:32:51,Perda de Pacotes / Oscilação,0,,
CLI-1997,Zona Sul - SP,Fibra 200 Mega,99.9,0,N/A,,N/A,0,,
CLI-1998,Savassi - BH,Fibra 200 Mega,99.9,0,N/A,,N/A,0,,
CLI-1999,Zona Leste - SP,Fibra 200 Mega,99.9,1,MNT-2026-003,2026-02-01 09:41:30,Lentidão Extrema,0,,
